query	target	fident	alnlen	nident	mismatch	gapopen	qstart	qend	tstart	tend	evalue	qtmscore	bits	tlen	qaln	taln	tseq
LbpB_beta_barrel_WP_0022297031	WP_0145803211	0.193	227	44	67	17	23	149	486	696	1.113E-02	3.875E-01	72	703	GELIKNQNPLTIYDITATLDRFTGSAADQRLEGGFFELAGRFI-------------------VFGVFAGK---QTA--------HYTGTWEAR--------------IWDNKAKFTV----DSISGTLT--------FYIEKGVIDG--FHATAHTINRFL------------------RVEGGFY----E-LGGII------------FNITF-------GVVFGA	GETKT-------YKVQAC---C---SNLNYLKYGL--LTRKTAGNTGGGGKGSQAAAQTAQGARSMFLQGERTDENKIPQGQDIVYRGSWYGYIVSGTSWSGNASNATSGNRAEFTVNFDAKKINGKLTAENRSEATFTID-AMIDGNGFKGTAKTGNGGFAPDQNSSTGTHKVHITSAAVQGGFYGPKAEELGGWFAYPGNGQTKNAQTSSGNGNSAGSATVVFGA	MNNPLVNQAAMVLPVFLLSACLGGGGSFDLDSVDTEAPRPAPKYQDVPSKKPEARKDQGGYGFAMRFKRRNWYGSTKEDRVKLNESDWEQTDNGGIKNPSKQKSIIDALTGNDGETLQDSSQEGQSISKVEGYHDFKYVWSGFFYKRIGRTIKKDDSSSKIIEVRNGPDGYIFYKGKNPSRQLPVLGQVTYKGTWNFLTDVKANQKFTDLGNTSTKPGDRYSAFPGELDYIVKKEDDKKEKHKGLGLTTEITVDFENKTLKGKLVKNNHVINDNSDDQNKYTTEYYTLDATLRGNRFSGKAMATDKSKNGETGDQTKKHPFVSDSFSLSGGFFGPQGKELGFRFLSDDGKVAVVGSAKTGDKAENGGGNGASGGASVSVSNGAAGTSSENGKLTTVLDAVELTPDGKEIKNLDNFSNATRLVVDGIMIPLLPTESGDGQADKGENGKTAFIYETTYTPESDEKNTQAQTGAGGMQTVSNAAGGTSGETKTYKVQACCSNLNYLKYGLLTRKTAGNTGGGGKGSQAAAQTAQGARSMFLQGERTDENKIPQGQDIVYRGSWYGYIVSGTSWSGNASNATSGNRAEFTVNFDAKKINGKLTAENRSEATFTIDAMIDGNGFKGTAKTGNGGFAPDQNSSTGTHKVHITSAAVQGGFYGPKAEELGGWFAYPGNGQTKNAQTSSGNGNSAGSATVVFGAKRQELVQ
LbpB_beta_barrel_WP_0022297031	WP_0037017761	0.164	146	24	64	15	52	148	285	421	3.946E-02	2.756E-01	46	426	RLEGGFFELAGRFIV-FGVFAGKQT----------AHYTG--TWEARI----WDNKAKFTVDSISGTLT-----FYI----EK---------GVIDG--FHATAHTINRFLRVEGGFY----E-LGG--IIFNIT-----FGVVFG	YLTYG----AEKLPGGSYALRVQGEPAKGEMLVGTAVYNGEVLHFHMENGRPYPSGSRF----AAKVDFGSKSVDGIIDSGDDLHMGTQKFKAAIDGNGFKGTWTE-NGGGDVSGRFYGPAGEEVAGKYSYRPTDAEKGGFGVFAG	MFKRSVIAMACIFPLSACGGGGGGSPDVKSADTPSKPAAPVVAENAGEGVLPKEKKDEEAAGGAPQADTQDATAGEGSQDMAAVSAENTGNGGAATTDNPKNEDAGAQNDMPQNAAESANQTGNNQPAGSSDSAPASNPAPANGGSDFGRTNVGNSVVIDGPSQNITLTHCKGDPCNGDNLLDEEAPPKSEFESLSDEEKIKKYKKDGEKFTGLVAIKVENNGLNKYTIIYQAQPTRSARSRRSLPAEIPLIPVNQADTLIVDGEAVSLTGHSGNIFAPEGNYRYLTYGAEKLPGGSYALRVQGEPAKGEMLVGTAVYNGEVLHFHMENGRPYPSGSRFAAKVDFGSKSVDGIIDSGDDLHMGTQKFKAAIDGNGFKGTWTENGGGDVSGRFYGPAGEEVAGKYSYRPTDAEKGGFGVFAGKKDRD
LbpB_beta_barrel_WP_0022297031	WP_0037008091	0.120	265	32	106	23	1	148	85	339	4.015E-01	3.270E-01	29	360	TVEYSGNWQYMTP----AKYTVDILKGELIKNQNPLTIYDIT-----ATL----------DRFTGS--AADQRLEG-----GFFE----------LAGRFI------VFGVFA-------------GKQ-------TAHYTGT-WEARI------------------------WDNKAKFTV----DSISG-TLT-------FYIEKGVIDG--F--HATAHTINRFLRVEG---GFYE--------LGGIIF---NITFGVVFG	SIRQREVEKDYFGYKSKETS----FIFKT---PGGAQ-YALSSYADPITVSYSSPDFKIPDRHAGQRLADGSRIFICCSDSGATSYAEITKQDYMKFGAWIGPNGEIDLFAGGFPVGKTPPPAFSYGSSTPETALSKGKITYQVWGIRVRNGQFVTSSYTPPKSGSYYGTLANTPVLSFITANFNSNTLAGKILGNSDYGPDVDIQNATITGPTFSGDATSG--GKSGKLEGKFFGKFASTRSSEVSIGGKITFDGDRSLDTVFG	MKYKALPLLPLAAALAACAGGGVAEPHVPVSIPTATPLPAGEVTLSSDNGNIENINTAGAGSASDAPSRSRRSLDAAPQNTSGISIRQREVEKDYFGYKSKETSFIFKTPGGAQYALSSYADPITVSYSSPDFKIPDRHAGQRLADGSRIFICCSDSGATSYAEITKQDYMKFGAWIGPNGEIDLFAGGFPVGKTPPPAFSYGSSTPETALSKGKITYQVWGIRVRNGQFVTSSYTPPKSGSYYGTLANTPVLSFITANFNSNTLAGKILGNSDYGPDVDIQNATITGPTFSGDATSGGKSGKLEGKFFGKFASTRSSEVSIGGKITFDGDRSLDTVFGGVSYEKKLDDTSQDTNHLTKQ
LbpB_beta_barrel_WP_0022297031	WP_0036890061	0.067	208	14	113	19	5	148	127	317	3.809E-01	2.371E-01	22	327	SGNWQY---MTPAKYTVDILKGELIKNQN---PLTIYDITATLDRFTGSAA-DQRLEGGFFELAGRF--------IV------------FGVFAGKQTA------HYTGTWEA-------RIWDNKAK--FTVD-------SISGTL--------TFYIEKGVIDGFHATAHTINRFLRVEGGFYE---LGGII---FNITF-GVVFG	LGQVWYENHHNNTEV----YSVRQIANPAIPAAPKFGGLVI----AKVPGMGGSNGNV----FFGEWAPRAGNPQQISTDLNMADGKRTVWYVGDNPTGNTTGVRTATYNVLGINKHTPGQNDFYTGQVTATFGSGITGTMAGRISRSSDHVDFDHAKIDN--RNG-TFA--DPSQGMTGRFYGNQAAAMAGYTTRGTGNVGDDVAFG	MSIRNKTLLAVLLCGVFGVAAAAPAGGSSQRKSQDPNSDPTTVRPGTSDKQPFGAGKAGLAFSINNGGSWSKSINLDDGPVKYIRAKYQAPINGNDPYANVDGTRNLQYLRLGDVKPVIGWFYNPTLGQVWYENHHNNTEVYSVRQIANPAIPAAPKFGGLVIAKVPGMGGSNGNVFFGEWAPRAGNPQQISTDLNMADGKRTVWYVGDNPTGNTTGVRTATYNVLGINKHTPGQNDFYTGQVTATFGSGITGTMAGRISRSSDHVDFDHAKIDNRNGTFADPSQGMTGRFYGNQAAAMAGYTTRGTGNVGDDVAFGGSATDIETRK
LbpB_beta_barrel_WP_0022297031	WP_0036875181	0.088	181	16	87	17	2	148	43	179	6.802E-01	1.630E-01	15	207	VEYSGNWQYMTPAKYTVDILKGELIKNQNPLTIYDITATLDRFTGSAADQRLEGGFFELAGRFIV--FGVFAGKQTAHYTGTWEARIWDNKAKFTVD--SISGTL----------------T-----FYIE-KGVIDG---FHATAHTINRFL-RVEGGFYE--L-GGIIFNITF-GVVFG	GSFTQTVQ-------SKKKTQTAHG------T-FKILRP-----------GL------FKWEYTLPYKQTIVGDG------QT-------VWLYDVDLAQVTKSSQDQAIGGSPAAILSNKTALESSYTLKEDGSSNGIDYVRATPKRNNAGYQYIRIGFKGGNLAAMQLKDSFGNQTSIS	MMKPHNLFQFLAVCSLTVAVASAQAGAVDALKQFNNDADGISGSFTQTVQSKKKTQTAHGTFKILRPGLFKWEYTLPYKQTIVGDGQTVWLYDVDLAQVTKSSQDQAIGGSPAAILSNKTALESSYTLKEDGSSNGIDYVRATPKRNNAGYQYIRIGFKGGNLAAMQLKDSFGNQTSISFGGLNTNPQLSRGAFKFTPPKGVDVLSN
LbpB_beta_barrel_WP_0022297031	WP_0103557851	0.123	89	11	47	7	76	140	29	110	5.315E+00	1.921E-01	11	123	AHYTGTWEARIWDNKAKFTVDSISGTL-----TFYIEKGVIDG-FHATAHTINR------------FLRVEGGFY------ELGGIIFN	AKKTVSYVCQ-QGKKVKV----TYGFNKQGLTTYASA--VINGKRVQMPINLDKSDNMDTFYGKEGGYVLSTGAMDSKSYRKQPIMITA	MKLLTTAILSSAIALSSMAAAGTDNPTVAKKTVSYVCQQGKKVKVTYGFNKQGLTTYASAVINGKRVQMPINLDKSDNMDTFYGKEGGYVLSTGAMDSKSYRKQPIMITAPDNQIVFKDCSPR
LbpB_beta_barrel_WP_0022297031	WP_0036900421	0.041	143	6	73	11	52	147	25	150	3.138E+00	1.634E-01	10	154	RLEGGFFE-LAGRFIVFGVFAGKQTAHYTGTWEARIWDNKAKFTVD--SISGTLTFYI---EKGVIDG--FHA--------TAHT-------INRF------------------------LRVEGGFYELGGIIFNITFGVVF	HCIGTDENIHSDT-----KVKYLQDGSFR--------GDAILKIDDDGNILA---YRVVGEGKWRFANNALTQSQIKYGEVSRQHSPETLAWLEKSEDGRLLESMMYTGLVAQMDKPGKDDVYQLD-KSGKLVSEDGTSREAC	MKRFILPVLLSATTALASPIVGTWHCIGTDENIHSDTKVKYLQDGSFRGDAILKIDDDGNILAYRVVGEGKWRFANNALTQSQIKYGEVSRQHSPETLAWLEKSEDGRLLESMMYTGLVAQMDKPGKDDVYQLDKSGKLVSEDGTSREACTKVE
LbpB_beta_barrel_WP_0022297031	WP_0036885701	0.194	36	7	27	1	4	39	117	150	6.915E+00	1.325E-01	10	215	YSGNWQYMTPAKYTVDILKGELIKNQNPLTIYDITA	YGT--SYQILDSVTTVSAKARLVDSRNGKELWSGSA	MKPLILGLAAVLALSACQVRKAPDLDYTSFKESKPASILVVPPLNESPDVNGTWGMLASTAAPISEAGYYVFPAAVVEETFKENGLTNAADIHAVRPEKLHQIFGNDAVLYITVTEYGTSYQILDSVTTVSAKARLVDSRNGKELWSGSASIREGSNNSNSGLLGALVGAVVNQIANSLTDRGYQVSKTAAYNLLSPYSRNGILKGPRFVEEQPK
LbpB_beta_barrel_WP_0022297031	WP_0036916041	0.093	214	20	106	25	3	130	26	237	2.977E+00	1.715E-01	9	245	EYSGNWQ------YMTP----AKY--TVDILKGELIKNQN------PLTI---------------YDITATLD-RFT--G---SAADQRLEGGFFE------L----------AGRFI---VFG--VFAGKQ-TAHYT-G--------TWEA-RIWDNK-AKFTVD---SI-SGTLT-------FYIEKGVIDG-F-HATAHTINR-FLRVEGG	SVYFN-QNGKLTATMSSAAYIRQYSVAAGIAHAQDFYYPSMKKYSEPYIVASTQIKSFVPTLQNGMLILWHFNGQKKMAGGFSKGKPDGEWVNWYPNGKKSAVMPYKNGLSEGTGYRYYRNGGKESEIQFKQNKANGVWKQWYADGSIKTEMVMVNDEPAKILTWDESGRLLSELSIRHHKRNGVVLE-WYEDGSKKSEAVYQDDKLVRKTQWD	MKKLSRIVFSIVLLGFSAALPAQTYSVYFNQNGKLTATMSSAAYIRQYSVAAGIAHAQDFYYPSMKKYSEPYIVASTQIKSFVPTLQNGMLILWHFNGQKKMAGGFSKGKPDGEWVNWYPNGKKSAVMPYKNGLSEGTGYRYYRNGGKESEIQFKQNKANGVWKQWYADGSIKTEMVMVNDEPAKILTWDESGRLLSELSIRHHKRNGVVLEWYEDGSKKSEAVYQDDKLVRKTQWDKDGYLIEP
LbpB_beta_barrel_WP_0022297031	WP_0036881681	0.076	91	7	55	8	4	73	44	126	9.474E+00	2.257E-01	8	126	YSGNWQYMTPAKY---TVDILKGELIKNQNPLTI---YDITATLD----RFTGSAADQR-----LEGGFFELAGRFI------VFGVFAGK	FRA-FSCENGLSVRVRNLDGGKIA------LRLDGRRAVLSSDVAASGERYT-AEHGLFGNGTEWHQKGGEAFFGFTDAYGNSVETSCRAR	MNIRFFALTVSVLSLAACAVPEAYDGGGRGYMPPVQNQAGPDDFRAFSCENGLSVRVRNLDGGKIALRLDGRRAVLSSDVAASGERYTAEHGLFGNGTEWHQKGGEAFFGFTDAYGNSVETSCRAR
LbpB_beta_barrel_WP_0022297031	WP_0036907471	0.086	115	10	47	8	83	147	20	126	2.411E+00	9.385E-02	8	151	EARIWDNK-------------AKFTVDS-------ISGTLT------------------------FYIEKGVIDG--FHATAHTINRFLRVEGGFYE--LGGIIFNITF--GVVF	DAFFQNRRYQMPEAQLNGSNAVFHYGYSQNPDHDLLVDQVRVPDAYRASFARDWIAKEQGYRKNDCVLE-KAESGGVTYYTCDAEK-------GFNGTRFVIYVVNMKNDKGYVK	MKYTAALLTFLLTACMNPNDAFFQNRRYQMPEAQLNGSNAVFHYGYSQNPDHDLLVDQVRVPDAYRASFARDWIAKEQGYRKNDCVLEKAESGGVTYYTCDAEKGFNGTRFVIYVVNMKNDKGYVKVYRGMNKPNQEELTKLVADLNKFYP
LbpB_beta_barrel_WP_0022297031	WP_0036906711	0.057	209	12	105	13	2	148	32	210	2.977E+00	1.325E-01	8	223	VEYSGN--------WQYMTPAKY-----TVDI-----LKGELIKNQNPLTIYDITATLDRFTGSAADQRLEGGFFELAGRF----IVFGVFAGKQ------------------------------------TAHYTGTWEAR---IWDNKAKFTVDSISGTL-TFYIEKGVIDGFHATAHTINRFLRVEGGFYELGGIIFNITFGVVFG	LHYSGSYGIPATMTFERSGNAYKIVSTIKVPLYNIRFESGGTVVGNTLHPAYYKDIRRGKLYA-------EAKFADGSVTYGKAGE----SKTEQSPKAMDLFTLAWQLAANDVKLPPGLKITNGKKLYSVGGLNKAGTGKYSIGGVETEVVK----YRVRRGDDTV-------TYFFAPSLNNI---PA-----QIGYTDDGKTYTLK	MMKTFKNIFSAAILSAALPCAYAARLPQSAVLHYSGSYGIPATMTFERSGNAYKIVSTIKVPLYNIRFESGGTVVGNTLHPAYYKDIRRGKLYAEAKFADGSVTYGKAGESKTEQSPKAMDLFTLAWQLAANDVKLPPGLKITNGKKLYSVGGLNKAGTGKYSIGGVETEVVKYRVRRGDDTVTYFFAPSLNNIPAQIGYTDDGKTYTLKLKSVQINGQAAKP
LbpB_beta_barrel_WP_0022297031	WP_0036908891	0.200	30	6	17	2	118	147	237	259	6.225E+00	8.914E-02	8	389	AHTINRFLRVEGGFYELGGIIFNITFGVVF	GHTE------SGG-YNLAVSYSGNGRHILV	MTAHKILPVLLPIILGVSHATAASPAPNRPTVHAAPTLQTPETLTAAHIVIDLQSRQTLSAKNTNTPVEPAALTQLMTAYLVFKNMKSGNIQSEENLKIPESAWASEGSRMFVRPGDTVSTDKLLKGMIALCANDAALTLADRLGNGSIENFVQQMNKEARRLGMKNTVFKNPTGLGREGQVSTAKDLALLSEALMRDFPEYYPLFSIKSFKFENIEQNNRNILLYRDNNVNGLKAGHTESGGYNLAVSYSGNGRHILVITLGSESAETRASDNSKLLNRALQAFDTPKIYPKGKTVAQIQISGGSKKTVRAGFLKEAYITLPHKEAKMAEQILETIQPIPAPVKKGQILGKIKIRQNGHTIAEKEIVALENVEKRSRWQRLWTRLTGQ
LbpB_beta_barrel_WP_0022297031	WP_0044654011	0.077	167	13	76	9	3	149	248	356	4.784E+00	1.565E-01	8	412	EYSGNWQYMT----PAKY-------TVDI------LKGELIKNQNPLTIYDITATLDRFTGSAADQRLEGGFFELAGRFIVFGVFAGKQTAHYTGTWEARIWDNK---AKFTVDSISGTLTFYIEKGVIDGFHATAHTINRFLRVEGGFYELGGIIFNITFGVVFGA	AIAVGIKFDDGTVYPEKGRLLFADPTVDESTGQITLRAAVSNDQNIL----------------MPG---------------LYVRVLMD-------------QVAADNAFIVPQQAVTRGAKDTVMIVNAQGGME--------PREVT------VAQQQGTNWIVTS	MAFYASKAMRAAALAAAVALALSSCGKGRDAAQGGQPAGREAPAPVVGVVTVHPQTVALTVELPGRLESLRTADVRAQVGGIIQKRLFQEGSYVRAGQPLYQIDSSTYEAGLESARAQLATAQATLAKADADLARYKPLVSADAISKQEYDAAVTAKRSAEAGVKAAQAAIKSAGINLNRSRITAPISGFIGQSKVSEGTLLNAGDTTVLATIRQTNPMYVNVTQSASEVMKLRRQIAEGKLLAADGAIAVGIKFDDGTVYPEKGRLLFADPTVDESTGQITLRAAVSNDQNILMPGLYVRVLMDQVAADNAFIVPQQAVTRGAKDTVMIVNAQGGMEPREVTVAQQQGTNWIVTSGLKDGDKVVVEGISIAGMTGAKKVTPKEWAPSENQAAAPQAGVQTASEAKPASEAK
LbpB_beta_barrel_WP_0022297031	WP_0036918591	0.053	168	9	78	13	17	119	105	256	3.487E+00	1.416E-01	8	430	TVDILKGELIKNQNPLTIYDITATLDRFTGSAADQRLEGGFFELAGRF--IVFGVFAGKQTAHYT-GTW-EA------------------------------------------------------RIWD-NK-AKFTV--DSISGTLTFYIEKGVIDG---FHATAH	RADQSVHVLV-GGDGSAREVQFFT----DEDGE----RN----LVALEKKGGIWRRSASDADMKVLPTLRSVVVKTSARGSLARAEVPVEIRESLSGIFAGRFSLDGLKEGDAVRLLYDSLYFHGQQVAAGDILAAEVVKGDTTHQ---AFYYRSDKEGGGGGNYYDE	MAVFPLSAKHRKYALRALAVSIILVSAAYIASTEGTERVRPQRVEQKLPPLSWGGSGVQTAYWVQEAVQPGDSLADVLARSGMARDEIARITEKYGGEADLRHLRADQSVHVLVGGDGSAREVQFFTDEDGERNLVALEKKGGIWRRSASDADMKVLPTLRSVVVKTSARGSLARAEVPVEIRESLSGIFAGRFSLDGLKEGDAVRLLYDSLYFHGQQVAAGDILAAEVVKGDTTHQAFYYRSDKEGGGGGNYYDEDGRVLQEKGGFNIEPLVYTRISSPFGYRMHPILHTWRLHTGIDYAAPQGTPVRASADGVITFKGRKGGYGNAVMIRHSNGVETLYAHLSAFSQAQGNVRGGEVIGFVGSTGRSTGPHLHYEARINGQPVNPVSVALPTPELTQADKAAFAAQKQKADALLARLRGIPVTVSQSD
LbpB_beta_barrel_WP_0022297031	WP_0022150051	0.039	51	2	35	3	31	73	148	192	5.315E+00	9.557E-02	7	193	PLT---IYDITATLDRFTGSAADQR-----LEGGFFELAGRFIVFGVFAGK	GGFFCPCHGSKFDLAGRVYKGVPAPTNLVVPPYKYL------SDTTILVGE	MDNQEINNGRRRFLTLATCGAGGVAALGVATPFVASFFPSEKAKAAGAAVEVDVSKIEAGQLLTAEWQGKPIWVLNRTDQQLKDLKGLNGELTDPNSDAEQQPEYAKNETRSIKPNILVAIGICTHLGCSPTFRPDIAPADLGADWKGGFFCPCHGSKFDLAGRVYKGVPAPTNLVVPPYKYLSDTTILVGED
LbpB_beta_barrel_WP_0022297031	WP_0037066251	0.090	44	4	33	3	1	43	41	78	4.305E+00	8.986E-02	7	237	TVEYSGNWQYMTPAKYTVDILKGELIKNQNPLTI-YDITATLDR	DKDQIRAFGVVA--EDNAQLEKGSLV----MMGGKYWFAVNPED	MLFRKTTAAVLAATLILNGCTMMLRGMNNPVSQTITRKHVDKDQIRAFGVVAEDNAQLEKGSLVMMGGKYWFAVNPEDSAKLTGLLKAGLDKPFQIVEDTPSYARHQALPVKFEAPGSQNFSTGGLCLRYDTGRPDDIAKLKQLEFKAVKLDNRTIYTRCVSAKGKYYATPQKLNADYHFEQSVPADIYYTVTEKHTDKSKLFGNILYTPPLLILDAAAAVLVLPMALIAAANSSDK
LbpB_beta_barrel_WP_0022297031	WP_0036888981	0.133	30	4	17	3	49	74	309	333	8.096E+00	9.326E-02	7	363	ADQRLEGGFFELAGRFIV----FGVFAGKQ	ADDE-KA----VLFKLETAPGVFEYYLGLN	MEKRKILPLAICLAALSACTAMEARTPRANEAQAPRADEMKKESRPAFDAAAVPVSDSGFAANANVRRFVDDEVGKGDFSQAEWQDFFDKAAYKADIVKIMHRPSTSRPWYVFRTGNSGRAKFHGARRFYAENRAVIDDVAQKYGVPAELIVAIIGIETNYGKNTGSFRVADALATLGFDYPRRAGFFQKELVELLKLAKEEGGDVFAFKGSYAGAMGMPQFMPSSYRKWAVDYDGDGHRDIWGNVGDVAASVANYMKQHGWRTGGKMLVSATLAPGADVQAIIGEKTALTRTVADLKAYGIIPGETLADDEKAVLFKLETAPGVFEYYLGLNNFYTVWQYNHSRMYVTAVRDIANSLGGPGL
LbpB_beta_barrel_WP_0022297031	WP_0036907191	0.064	186	12	84	17	2	147	31	166	2.411E+00	8.545E-02	6	175	VEYSGNWQYMTP-AKYTVDILKGELIKNQNPLTIYDITATLDRFTGSAADQRLEGGFFELA--GRFIVFGVFAGKQTAHYTGTWEARIWDNKAKFTVDSISGTLTFYIEKGVIDG-------------FHATAHTINRF-----------LRVEGGFYE---------LGGIIFNIT----FGVVF	AAHAK-ASSSLGSAKG----FSPR-----------ISAG----Y----RINDLRF----AVDYTRYK-------NYKQAPSTDF-------KLYS----IGA---SVIY-DFDTQSPVKPYFGARLSLNRASAHLGGSDSFSKTSAGLGVLAGVSYAVTPNVDLDAGYRYNYIGKVNNVKNVRSGE	MKKALAALIALALPAAALAEGASGFYVQADAAHAKASSSLGSAKGFSPRISAGYRINDLRFAVDYTRYKNYKQAPSTDFKLYSIGASVIYDFDTQSPVKPYFGARLSLNRASAHLGGSDSFSKTSAGLGVLAGVSYAVTPNVDLDAGYRYNYIGKVNNVKNVRSGELSAGVRVKF
LbpB_beta_barrel_WP_0022297031	WP_0036909821	0.055	109	6	69	12	4	91	21	116	4.784E+00	1.107E-01	6	268	YSGNWQ----YMTPAKYTVDILKGELIKNQNPLTIYDITA-TLDRF-TGSAADQRLEGGFFE-LAGRF--IVF--GVF--AGKQTAHYT------GTWEA--RIWDNKA	HRVWVETAHTHGGEYLK----ADLG------YGEFPELEPIAKDRLHIFS---KPMQLVTEKGKENMIQRGTYNYQYRSNRPVKDGSYLVTAEYQPTFRSKNKAGWKQA	MKKTLTLLAVSALFATSAHAHRVWVETAHTHGGEYLKADLGYGEFPELEPIAKDRLHIFSKPMQLVTEKGKENMIQRGTYNYQYRSNRPVKDGSYLVTAEYQPTFRSKNKAGWKQAGIKEMPDASYCEQTRMFGKNIVNVGHESADTAIITKPVGQNLEIVPLDNPANIHVGERFKVRVLFRGEPLPNATVTATFDGFDTSDRSKTHKTEAQAFSDTTDGKGEVDIIPLRQGFWKASVEYKADFPDQSLCQKQANYTTLTFQIGHSHH
LbpB_beta_barrel_WP_0022297031	WP_1727617891	0.241	29	7	17	3	124	148	225	252	8.991E+00	1.051E-01	6	533	FLRVEGGFYE-LGGIIFNIT---FGVVFG	FSHCE-FFWNGGGCFVRNGDNLIHRVYFK	MVIKHTNLNFAKLSIIAILMMYSFEANANAVKISETLSVDTGQGAKIHKFVPKNSKTYSSDLIKTVDLTHIPTGAKARINAKITASVSRAGVLSGVGKLVRQGAKFGTRAVPYVGTALLAHDVYQTFKEDIKARGCRYDPETDKFVKGYEYANCLWYEDERRINRTYGCYGVDSSIMRLMPDRSRFPEVQQLMESQMERIARPFWDKRKEEIPKDTALKWRLFPFSHCEFFWNGGGCFVRNGDNLIHRVYFKLGRNPKYKEEMDAKKPEEILSLKVDADPDKYIKATGYPGYSEKVEVAPGTKVNMGPVTDRNGNPVQVAATFGRDAQGNTTADVQVIPRPDLTPASAEAPHAQPPPEVSPAENPANNPDPDENPGTRPNPEPDPDLNPDANPDTDGQPGTSPDSPAVPDRPNGRHRKERKEGEDGGLSCDYFPEILACQEMGKPSDRMFHDISIPQVTDDKTWSSHNFLPSNGVCPQPKTFHVFGRQYRASYEPLCVFAEKIRFAVLLAFIIMSAFVVFGSLGGNKCHYLPA
LbpB_beta_barrel_WP_0022297031	WP_0036881321	0.103	145	15	76	14	3	137	309	409	5.043E+00	1.185E-01	6	615	EYSGNWQYMTPAKYTVDILKGELIKNQNPLTIYDITATLDRFTGSAADQRLEGGFFELAGRFIVFGVFAGKQ-TAHYTGTWEARIWDNKAKF---TVDS-----ISGTLTFYIEKGVIDG-FHATAHTINRFLRVEGGFYELGGI	TGIRLDSEYGLGGK----IAYDYYNLFNKGYIGSVVWDM--------DKYETT----LAAG-----ISQPRNYQGNY---WTS-----NVSYNRSTTQNLEKRAFSGGI-WYVR--DRAGIDAR--------LGAEF----LAEG	MHDTRTMMIKPTALLLPALFFFPHAYAPAADLSENKAAGFALFKSKSPDTESVKLKPKFPVRIDTQDSEIKDMVEEHLPLITQQQEEVLDKEQTGFLAEEAPDNVKTMLRSKGYFSSKVSLTEKDGAYTVHITPGPRTKIANVGVAILGDILSDGNLAEYYRNALENWQQPVGSDFDQDSWENSKTSVLGAVTRKGYPLAKLGNTRAAVNPDTATADLNVVVDSGRPIAFGDFEITGTQRYPEQTVSGLARFQPGTPYDLDLLLDFQQALEQNGHYSGASVQADFDRLQGDRVPVKVSVTEVKRHKLETGIRLDSEYGLGGKIAYDYYNLFNKGYIGSVVWDMDKYETTLAAGISQPRNYQGNYWTSNVSYNRSTTQNLEKRAFSGGIWYVRDRAGIDARLGAEFLAEGRKIPGSDVDLGNSHATMLTASWKRQLLNNVLHPENGHYLDGKIGTTLGTFLSSTALIRTSARAGYFFTPENKKLGTFIIRGQAGYTVARDNADVPSGLMFRSGGASSVRGYELDSIGLAGPNGSVLPERALLVGSLEYQLPFTRTLSGAVFHDMGDAAANFKRMKLKHGSGLGVRWFSPLAPFSFDIAYGHSDKKIRWHISLGTRF
LbpB_beta_barrel_WP_0022297031	WP_0036902901	0.092	152	14	68	13	47	139	26	166	8.096E+00	1.588E-01	5	199	SAADQRLEGG------FFE----LAGRFIVFGVFAGK-----QTA-------HYTGTWEAR-----------------IWDNKAKFTV----DSISGTL-TFYIEKGVIDG-----FHATAHT-------INRFL---RVEGGFYELGGIIF	DAAAEGIAATRAEARITDGGRLSISSR------FQTELPDQLQQALRRGVPLNFTLSWQLSAPTIASYRFKLGQLIGDDDNIDYKLSFHPLTNRYRVTVGAFSTDYDTLDAALRATG-AVANWKVLNKGALSGAEAGETKAE----IRLTLS	MAFITRLFKSIKQWLVLLPMLSVLPDAAAEGIAATRAEARITDGGRLSISSRFQTELPDQLQQALRRGVPLNFTLSWQLSAPTIASYRFKLGQLIGDDDNIDYKLSFHPLTNRYRVTVGAFSTDYDTLDAALRATGAVANWKVLNKGALSGAEAGETKAEIRLTLSTSKLPKPFQINALTSQNWHLDSGWKPLNIIGNK
LbpB_beta_barrel_WP_0022297031	WP_1727639561	0.092	163	15	75	15	14	148	150	267	2.170E+00	6.963E-02	5	275	AKYTVDILKGELIKNQNPLTIYDITATLDRFTGSAADQRLEGGFFELAGRFIVFGVFAGKQTAHYTGTWEARIWDNKAKFTVDSISGTLTFYIEKGVIDGFHATAHTINRFL----------------RVEGGFYE---------LGGIIFNIT---FGVVFG	VSS----LGLS-----------TIYDF-----DTGS--RFKP----YIGM----RVAYG----HVRH-QVR---SVQQETV--AVTTYPK---EQGVK--PSVTTNAPIRKLPHHESRSISSLGFGAVAGVGIDITPNLTLDAGYRYHNWGRLENTRFKTHEA	MRPTKNFSSLLFSSLLFSSLLFSSLLFSSAARAAGEDHGRGPYVQADLAYAYEHITRDYPDAAGANQGKKISTVSDYFRNIRTHSIHPRVSVGYDFGGWRIAADYARYRKWNNNKYSANTKLVQTGGDKRLRNEQTLKTEHQENGTFHAVSSLGLSTIYDFDTGSRFKPYIGMRVAYGHVRHQVRSVQQETVAVTTYPKEQGVKPSVTTNAPIRKLPHHESRSISSLGFGAVAGVGIDITPNLTLDAGYRYHNWGRLENTRFKTHEASLGVRYRF
LbpB_beta_barrel_WP_0022297031	WP_1727639471	0.069	144	10	74	11	14	147	244	337	7.682E+00	1.279E-01	5	348	AKYTVDILKGELIKNQNPLTIYDITATLDRFTGSAADQRLEGGFFELAGRFIVFGVFAGKQTAHYTGTWEARIWDNKAKFTVDSISGTLTFY-IEKGVIDGFHATAHTINRFLRVEGGFYE-----LGG----IIFNITFGVVF	AQQ----QDAKLYQNQLVRDNSHNSQT------------EVA----ATAAY-------------RFGNV-----TPRVSY----AHGF--KGTVDSADHDNTYDQV------VVGAEYDFSKRTSALVSAGWLQEGKGANKIVS	MKKSLIALTLAALPVAATADVTLYGAIKAGVQTYRSVEHREGKVVGVETGSEISDFGSKIGFKGQEDLGNGLKAIWQLEQGASVAGTNSGWGNKQSFIGLKGGFGTIRAGSLNSPLKNTKNNVNAWESGKFTGNVLEISGMAKREHRYLSARYDSPEFAGFSGSVQYAPKDNSGSNGESYHVGLNYRNNGFFAQYAGLFQRYGEGTKKIEGYQYNIPSLFVEKLQVHRLVGGYDNNALYVSVAAQQQDAKLYQNQLVRDNSHNSQTEVAATAAYRFGNVTPRVSYAHGFKGTVDSADHDNTYDQVVVGAEYDFSKRTSALVSAGWLQEGKGANKIVSTASAVVLRHKF
LbpB_beta_barrel_WP_0022297031	WP_1727639301	0.084	165	14	72	14	13	141	713	834	5.315E+00	1.052E-01	5	1054	PAKYTVDILKGELIKNQNPLTIYDITATLDRFTGSAADQRL-EGGFFE------L-AGRFIVFGVFAGKQTAHYTGTWEARIWDNKAKFTV-----DSISGTLT----------FYIEKGVIDGFHATAHTINRFLRVEGGF---------YE----LGGIIFNI	TALY----VYD--LENTSGSLIKKIE-------APGGKGGLSSPTLVDKDLDGTVDIAY-----A--------------GDRGGNMYRFDLSDSNPDKWSVRTIFEGDKPITSAPAVSR-LADKRVV----------IFGTGSDLTEDDVLNTGEQYIYGIFDDD	MNKTLKRRVFRHTALYAAILMFSHTGGGGAMAQTHKYAIIMNERKQPEVKWETQYSQSALKDKGRERTFSHTSQKGRFNITHNFISFNNNDTLVSQQSGTAVFGTATYLPPYGKVSGFDADGLKKRNNAVNWIRTTRPGLAGYGYTGIRCGSTKDCPKLTYKTRFSFDNTDLVETRGGLDRHTEPSRENSPIYKLKDYPWLGVSFNLGAEGTAKDGRSSSRLISSFDENNSNSNQNLVYTTEDHRISLGNWQHETTAMAYYLNAKLHLLDKEKIKDITGKTVRLGVLKPSIDVKTQNTGLSGILNFWSKWDIKDNGQIPVKLGLPEVKAGRCINKPNPNNNTKAPSPALTAPALWFGPVQNGKVQMYSASVSTYPGSSSSRIFLQELKTQTDPARPGRHSLAALNTQDIKSREPNFNSRQTVIRLPGGVYRIAPTRDRIVGLNGNDGKNDTFGIYKDRLVTPEADEWAKVLLPWTVRYYGNDDIFKTFNQPNNKKQSDKKQYSQKYRIRTKEDDNDKPRDLGDIVNSPIVAVGGYLATAANDGMVHIFKKTGTDERGYELKLSYIPGTMPRQYFDNDTSTLKDSTLAQELRTFAEKGYVGDRYGVDGGFVLRRITDDQDKQKHFFMFGAMGLGGRGAYALDLSKIDSSNLTGVSMFDVQNDKNNNNNKNDNNRVKLGYTVGTPQIGKTQNGKYAAFLASGYAAKNIGSGDNTTALYVYDLENTSGSLIKKIEAPGGKGGLSSPTLVDKDLDGTVDIAYAGDRGGNMYRFDLSDSNPDKWSVRTIFEGDKPITSAPAVSRLADKRVVIFGTGSDLTEDDVLNTGEQYIYGIFDDDKAANNVNASRGVLGSGLLEQHLTQENKTLFLNKRSDGSGSKGWAVKLTGGRRVTVKPTVVLRTAFVTIRKYKDDGCGAETAILGINTADGGALTPRSARPIVPDHNSVAQYSGHQKMNGKSIPIGCMWKNSKTVCPNGYVYDKPVNVRYLDEKKTDDFPVTADGDAGGSGTFKEGKKPARNNRCFSGKGVRTLLMNDLDSLDITGPMCGIKRLSWREVFF
LbpB_beta_barrel_WP_0022297031	WP_0036905091	0.125	104	13	45	8	68	141	203	290	6.915E+00	1.198E-01	5	1071	GVFAGKQTA----HYTGTWEARIWDNK---AKFTVDSISGTLTFYIEKGVIDG---FHATAHT-------INR-------------FLRVEGGFYELGGIIFNI	ELL-IEQSVLGWKEYEMEVVRDKADNCIIICSIENFDP---------MGVHTGDSITVAPAQTLTDKEYQIMRNASLAVLREIGVDTGGS------NVQFAVNP	MPKRTDLKSILIIGAGPIVIGQACEFDYSGAQACKALREEGYKVILVNSNPATIMTDPEMADVTYIEPIMWQTVEKIIAKERPDAILPTMGGQTALNCALDLARNGVLAKYNVELIGATEDAIDKAEDRGRFKEAMEKIGLSCPKSFVCHTMNEALAAQEQVGFPTLIRPSFTMGGSGGGIAYNKDEFLAICERGFDASPTHELLIEQSVLGWKEYEMEVVRDKADNCIIICSIENFDPMGVHTGDSITVAPAQTLTDKEYQIMRNASLAVLREIGVDTGGSNVQFAVNPENGEMIVIEMNPRVSRSSALASKATGFPIAKVAAKLAVGFTLDELRNDITGGRTPASFEPSIDYVVTKIPRFAFEKFPAADDRLTTQMKSVGEVMAMGRTIQESFQKALRGLETGLCGFNPRSEDKAEIRRELANPGPERMLFVADAFRAGFTPEEIHEICAIDPWFLAQIEDLMKEEKSVSDGQLQDLDYAALRRLKRKGFSDKRLAQLLNVSEKEVREHRYALKLHPVYKRADTCAAEFATETAYLYSTYEEECESRPSDRKKVMILGGGPNRIGQGIEFDYCCVHAALALRESGFETIMVNCNPETVSTDFDTSDRLYFEPLTLEDVLEIVRTENPWGVIVHYGGQTPLKLANALVENGVNIIGTSADSIDAAEDRERFQKVLNDLGLRQPPNRIAHNEEEALVKAEEIGYPLVVRPSYVLGGRAMQIVHSAEALQKYMREAVQVSEDSPVLLDFFLNNAIEVDVDCVSDGKDVVIGGIMQHVEQAGIHSGDSGCSLPPYSLSEEIQDEIRRQTKAMAYALGVVGLMNVQFAVQDGVVFVLEVNPRASRTVPFVSKATGVPLAKVGARCMAGISLKEQGVEKEVVPDFYAVKEAVFPFIKFPGVDTILSPEMRSTGEVMGVGASFGEAYYKAQLGAGERLNPTGKIFLSVREEDKERVIKTAKNFQALGYGICATRGTAQYLTEHGLIVQAINKVPEGRPHIGDALKNGEIALVVNTVSSDPQSVSDSHIIRQSALQQRVPQYTTTAGGEAMSEGAKSRDYLGVYSVQELHGRLKNRN
LbpB_beta_barrel_WP_0022297031	WP_0036895441	0.085	164	14	97	14	6	141	52	190	9.474E+00	1.251E-01	4	193	GNWQYM-TP----------AKYTVDI--L---KGELIKNQNPLTIYDIT---ATLDRFTGSAADQRLEGGFFELAGRFIVFGVFAGKQTAHYTGTWEARIWDNKAKFTVDS--------ISGTL-TFYIEKGVIDGFHATAHTINRFLRVEGGFYELGGIIFNI	DGRRFDEQGYLKEHLSAKGAKQFPENSDIHFDSPHLVFFQEGRLLYEVGSDEA----VYHTENK--QVLFKNNVVLTKT-------ADGRRQAGKVET----EKLHVDTESQYAQTDTPVSFQYGASHGQ----AGGMTYNH--KTGMLNF--SSKVKAAIYDT	MKVRWRYGIAFPLILAVALGSLSAWLGRISEVEIEEVRLNPDEPQYTMDGLDGRRFDEQGYLKEHLSAKGAKQFPENSDIHFDSPHLVFFQEGRLLYEVGSDEAVYHTENKQVLFKNNVVLTKTADGRRQAGKVETEKLHVDTESQYAQTDTPVSFQYGASHGQAGGMTYNHKTGMLNFSSKVKAAIYDTKDM
LbpB_beta_barrel_WP_0022297031	WP_1727639491	0.100	169	17	84	15	4	148	137	261	4.784E+00	8.213E-02	4	269	YSGNWQYMTPAKYTVDILKGELIKNQNPLTIYDITATLDRFTGSAADQRLEGGFFELAGRFIVFGVFAGKQTAHYT---GTWEARIWDNKAKFTVD--------SISGTLTFYIEK-------GVIDGFHATA---HTINRFLRVEGGFYELGGIIFNIT---FGVVFG	HQENGTFH-AVSS----LGLS-----------AVYDFK-------LNDKFKP----YIGA----RVAYG----HVRHQVRSVEQ---ETIAVTTYPQNAASSVTTNAPIRKLPHHESRSISSLG----FGAVAGVGIDITPKLTLDAGY--RYHNWGRLENTRFKTHEA	MQPAKNLLFSSLLFSSLLFPSAAQAASEDGGRGPYVQADLAYAAERITHDYPEPTAQKKGKISTVSDYFRNIRTHSVHPRVSVGYDFGGWRIAADYARYRKWNDNKYSVNIKELGRNDKTSSGSRGHLNIQTRKTEHQENGTFHAVSSLGLSAVYDFKLNDKFKPYIGARVAYGHVRHQVRSVEQETIAVTTYPQNAASSVTTNAPIRKLPHHESRSISSLGFGAVAGVGIDITPKLTLDAGYRYHNWGRLENTRFKTHEASLGVRYRF
LbpB_beta_barrel_WP_0022297031	WP_0036893031	0.090	177	16	86	16	2	148	238	369	6.225E+00	1.116E-01	4	392	VEYSGNWQYMT-PAKYTVDILKGELIKNQNPLTIYD--ITATLDRFTGSAADQRLEGGFFELAGRFIVFGVFAGKQTAHYTGTWEARIWDN-----------KAKFTVDSISGTLTFYIE---KGVIDGFHA---------TAHTINRFLRVE--GGFY-ELGGII-FNITFGVVFG	QDIS--FTILSEP-----DTPIKAKLDS------VDPGLTTMSSGGYNSSTD-----TASNAVY----YYARSFV--------------PNPDGKLATGMTTQNTVEID---GVKNVLLIPSLTVKNRGGKAFVRVLGADGKAA------EREIRTGMRDSMNTEVKSGLKEGDKVV	MAKMMKWSAVAAVAAAAVWGGWHYLKPEPQASYITETVRRGGISRTVSATGEISPSNLVSVGAQASGQIKKLYVKLGQQVKKGDLIAEINSTTQTNTLDMEKSKLETYQAKLVSAQIALGSAEKKYKRQAALWKDDATSKEDLESAQDALAAAKANVAELKALIRQSKISINTAESDLGYTRITATMDGTVVAIPVEEGQTVNAAQSTPTIVQLANLDMMLNKMQIAEGDITKVKAGQDISFTILSEPDTPIKAKLDSVDPGLTTMSSGGYNSSTDTASNAVYYYARSFVPNPDGKLATGMTTQNTVEIDGVKNVLLIPSLTVKNRGGKAFVRVLGADGKAAEREIRTGMRDSMNTEVKSGLKEGDKVVISEITAAEQQESGERALGGPPRR
LbpB_beta_barrel_WP_0022297031	WP_0485967871	0.102	195	20	76	17	1	148	345	487	6.225E+00	1.027E-01	4	576	TVEYSGNWQYMTPAKYTVD----------ILKGELIKNQN---PLTIYDITATLDRFTGSAADQRLEGGFFELAGRFIVFGVFAGKQTAHYTGTWEA----RIWDNKAKFTVDSISGTLTFYIEKGVIDGFHATAHTINRFLRVEGGFYE---------L------------------GGIIFN---ITFGVVFG	TCSFHGSTLVK-----TADGYKAIAHIQAGDRVL-SKDEASGETGY-KPVTA-------------RYGN--------------------PYQETVYIKVSDGIG---NSQTL--I-SNRIH-PFYS--DG---KWIKAEDLKAGSRLFAENGAEQTVQSVTVKPEPLKAYNLTVADWHTYFVKGSQAETEGVWVH	MKPLRRLTNLLAACAVAAAALIQPALAADLAQDPFITDNTQRQHYEPGGKYHLFGDPRGSVSDRTGKINVIQDYTHQMGNLLIQQANINGTIGYHTRFSGHGHEEHAPFDNHAADSASEEKGNVDDGFTVYRLNWEGHEHHPADAYDGPKGGNYPKPTGARDEYTYHVNGTARSIKLNPTDTRSIRQRISDNYSNLGSNFSDRADEANRKMFEHNAKLDRRGNSMEFINGVAAGALNPFISAGEALGIGDILYGTGYAIDKAAMRNIAPLPAEGKFAVIGGLGSVAGFEKNTREAVDRWIQENPNAAETVEALVNVLPFAKVKNLTKAAKPGKAAVSGDFSKSYTCSFHGSTLVKTADGYKAIAHIQAGDRVLSKDEASGETGYKPVTARYGNPYQETVYIKVSDGIGNSQTLISNRIHPFYSDGKWIKAEDLKAGSRLFAENGAEQTVQSVTVKPEPLKAYNLTVADWHTYFVKGSQAETEGVWVHNDCPPKPKPTNHAQQRKEEAKNDSHRSVGDSNRVVREGKQYLDSDTGNHVYVKGDKVVILTPDGRQVTQFKNSKANTSKRVKNGKWTPK
LbpB_beta_barrel_WP_0022297031	WP_0036969871	0.078	114	9	65	10	4	102	45	133	9.474E+00	1.092E-01	4	613	YSGNWQYMTPAKYTVDILKGEL-----IKNQNPLTIYDITATLDRF--TGSAADQRLEGG--------FFELAGRFIVFGVFAGKQTAHYTGTWEARIWDNKAKFTVDSISGTL	FVPELTVADDGVN----VRFRIADGYYMYQA-----K-IVGKTDPADLLG-----QPSFSKGEEKEDEFFGRQTVHHHEAQVAFPY-AKAVGEP-----YKLVLT----YQGCA	MRTNYLSETDSIMKKLICLFAVFLMLCGRAFALDANDLLPPEKAFVPELTVADDGVNVRFRIADGYYMYQAKIVGKTDPADLLGQPSFSKGEEKEDEFFGRQTVHHHEAQVAFPYAKAVGEPYKLVLTYQGCAEAGVCYPPVDTEFDISGNGTYHPQTDEPASAKDRFLQPSSQNGSGALPPPKGDEGGDGRFKLSWDTLNANLLAFFLAGLGLSFTACMYPLLPIVSSIVVGDKKAGKARAFVLSVVYVQGLALTYTLVGIVAGLTGALLTVWLQQAWVVLAASALMVVLALSMFGLFNIQLPNAVQSYFQNQSSRLSGGKIVSVFIMGILSALIVGPCVAPPLAFALGYIGQTGDAVLGGLALYTLALGTGVPLIAIGTFGGHILPKAGDWMNAVKYAFGFILLAVAVYLATPHLPYYLVVALYTLLMLVPAFMLLVNGRRQKRRPKAVAFALGSILLIGGAWFGWQGANGKTTALHHFLTLNPPAEAGKFSEHGKMFADTAALKAAMDTALKEHPDKPVVLDFYADWCISCKEMAVYTLNQPEVHQAVDMERFFQIDVTANTPEHQALLKEYGLFGPPGVFVVRADGSRSEPLLGFVKADKFIEWYEQNR
LbpB_beta_barrel_WP_0022297031	WP_0036877691	0.054	166	9	77	16	1	149	23	125	8.532E+00	8.610E-02	3	140	TVEYSGNWQYMTPAKYTVDILKGELIKNQNPLTIYDITATLDRFTGSAADQRLEGGFFELAGRFIVFG------VFAGKQT-----AHYT----GTWEARIWDNKAKFTVDSISGTLTFYIEKGVIDGFHATAHTINRFLRVEGGFYELGGIIFNITFG--VVFGA	TVFSC---KTDNNKYI-------------------EVQ-KINR--------NL------YEYS---FGSAAKKEIAIRNSKADLLGRSDRWQGMGSG-----RRATMKFQNGEFM---YTV-------WTGFD-SVTH-TESSG------VVVERRGKEVARVGCT	MKKMFLSAALLLSAAAQTVWADTVFSCKTDNNKYIEVQKINRNLYEYSFGSAAKKEIAIRNSKADLLGRSDRWQGMGSGRRATMKFQNGEFMYTVWTGFDSVTHTESSGVVVERRGKEVARVGCTPKTAQANFNDDDFSR
LbpB_beta_barrel_WP_0022297031	WP_0036911101	0.083	168	14	94	17	1	146	66	195	5.906E+00	7.380E-02	3	263	TVEYSGNWQYMTPAKYTVDILKGELIKNQNPLTI-----------YDITATLDRFTGSAADQRLEGGFFELAGRFIVFG-V-FAGKQTAHYTGTWEARIWDNKAKFTVDSISGTLTFYIEKGVIDG------FHATAHTINRFLRVE---GGFYELGGIIFNITFGVV	DIHHGMRFE----VSHSRDKKDMYVVTESTTKPFGKDVKEKRTDVYAGYT----YTQP-LSEATKL----RAGLGL--GYEKYKDAV-ANEKGTVST---EREAFYT--KAHA---DLTS--DLGGGWYLNPWAE--------VKVDLDAK----LKHNATVAGASAD	MKKALLALTIAAISGTAMAQLPDFLGKGEYTVRTDISKQTLKNADLKEKHKVQKNIGFRADMPFDDIHHGMRFEVSHSRDKKDMYVVTESTTKPFGKDVKEKRTDVYAGYTYTQPLSEATKLRAGLGLGYEKYKDAVANEKGTVSTEREAFYTKAHADLTSDLGGGWYLNPWAEVKVDLDAKLKHNATVAGASADINAKTRGWGVGVGANIGKQITDTVGIEAGPFYKHRHFKASGSFVLDGGNIRVDPTKINEYGVRVGVKF
LbpB_beta_barrel_WP_0022297031	WP_1727639431	0.054	184	10	100	15	1	148	112	257	7.288E+00	8.663E-02	3	265	TVEYSGNWQYMTP-AKYTVDILKGELIKNQNPLT---------IYDITATLDRFTGSAADQRLEGGFFELAGRFIVFGVFAGKQTAHYT-GTWEARIWDNKAKFTVDSISGTLTFYIEKGVIDGFHATAHTINRF-------------LRVEGGFYE---------LGGIIFNIT---FGVVFG	NSSTKKVTEDIKDNYRE----TKTEHQ----GNGSFHAASSLGLSAVYDFK-------LNDKFKP----YIGA----RVGYG----HVRHQVRSV---GQETIT----VTPKP----KNGTQGGSVISTSPVPAYHENRSSRRLGFGAMAGVGIDVAPGLTLDAGYRYHNWGRLENTRFKTHEA	MELICIRPTKKLLFSSLLFSSLLFSSAARAAGEDHGRGPYVQADLAYAYEHITRDYPDAAGANQGKKISTVSDYFRNIRTHSIHPRVSVGYDFGGWRIAADYARYRKWKESNSSTKKVTEDIKDNYRETKTEHQGNGSFHAASSLGLSAVYDFKLNDKFKPYIGARVGYGHVRHQVRSVGQETITVTPKPKNGTQGGSVISTSPVPAYHENRSSRRLGFGAMAGVGIDVAPGLTLDAGYRYHNWGRLENTRFKTHEASLGMRYRF
LbpB_beta_barrel_WP_0022297031	WP_0209968501	0.076	105	8	61	8	53	147	242	320	8.991E+00	9.238E-02	3	337	LEGGFFELAGRFIVFGVFAGKQTAHYTGTW---------EARIWDNKAKFTVDS-ISGTLTFYIEKGVIDGFHATAHTINRFLRVEGGFYELGGIIFNITFGVVF	DIAGNAGQPVL---------AAA---DGKVVYAGSGLRGYG---NLVIIQHNSSFLTA---YGHNQKLLVGE-GQQVK-------RGQQVALMGNTDASRTQLHF	MLKQTTLLAACTAVAALLGGCATQQPAPVIAGNSGMQTVSSAPVYNPYGATPYNAAPAANDAPYVPPVQTAPVYSPPAYVPPSAPAVSGTYVPSYAPVDINAATHTIVRGDTVYNISKRYHISQDDFRAWNGMTDNTLSIGQIVKVKPAGYAAPKTAAVESRPAVPAAAQTPVKPAAQPPVQSAPQPAAPAAENKAVPAPAPAPQSPAASPSGTRSVGGIVWQRPTQGKVVADFGGGNKGVDIAGNAGQPVLAAADGKVVYAGSGLRGYGNLVIIQHNSSFLTAYGHNQKLLVGEGQQVKRGQQVALMGNTDASRTQLHFEVRQNGKPVNPNSYIAF
LbpB_beta_barrel_WP_0022297031	WP_0036889971	0.097	215	21	89	20	2	138	43	230	7.682E+00	9.335E-02	3	516	VE-Y-SGNWQYMTP---AKYTVDILKGEL----------IKNQN-------PLTI-YDITAT-------------------------LDRFTGSAADQRLEG---GFFE----LAGRFIVF-----------------GVFAGKQTAHYTGTWEARIWDNKAKFTVDSISGTLT----FYIEKGVIDGFHATA--HTINRFLRVEGGFYELGGII	FLTVESHQY-DRGWFTSTET----TVIRLKPELLHNAQKYLPDNLKIVLEQPVTLVNHITHGPFAGGFGTQAHIETEFKYAPETEKVLERFFGK--QVPVSLANTVYFNGSGKMEVSVPAFDYEELSGIRLHWEGLTGETVYQKGFKSYR----------NSYDAP-LFKIKLADKGDAAFEKA----HFDSETSDGINP-LALGS----SNLTL	MKKPLISVAAVLLGVALGTPYYLGVKAEESLTQQQKILQKTGFLTVESHQYDRGWFTSTETTVIRLKPELLHNAQKYLPDNLKIVLEQPVTLVNHITHGPFAGGFGTQAHIETEFKYAPETEKVLERFFGKQVPVSLANTVYFNGSGKMEVSVPAFDYEELSGIRLHWEGLTGETVYQKGFKSYRNSYDAPLFKIKLADKGDAAFEKAHFDSETSDGINPLALGSSNLTLEKFSLEWKEGVDYNVKLNELVNLVTDLQIGAFINPNGSIAPSKIEVGKLAFSTKTGESGAFIDSEGRFRFDTLVYGDEKYGPLDIHIAAEHLDASALTVLKRKFAQISAKKMTEEQIRNDLIAAVKGDASGLFTHDPVLNIKIFRFTLPQGKIDVGGKIMFKGMKKEDLNQLGLMLKKTEANIRMSIPQKMLEDLAVSQAGNIFSVNAEDEAEARASIADINETLRLMVDSTVQSMAREKYLTLDGNQIDTVISLKNNALKLNGKTLQNEPDPDFDEGDMVSGQPH
LbpB_beta_barrel_WP_0022297031	WP_0036913601	0.071	211	15	79	18	2	147	19	177	8.991E+00	8.738E-02	2	186	VEYSGN---------WQYMTPAKYTVDILKGEL-----IKN---------------QNPLTI------------------Y-DITATLDRFTGSAADQRLEGGF-----FELAGRFIVFGVFAGKQTAHYTGTWEARIWDNKAKFTVDSISGTLTFYIEKGVIDGFHATAHTINRFLRVEGGFYELGGII----FNITF--------GVVF	ATYKVDEYHANVRFAIDHFNTSTN----VGGFYGLTGSVEFDQAKRDGKIDITIPVANLQSGSQPFTGHLKSADIFDAAQYPDIRF----VST-------KFNFNGKKLVSVDGN--------LTMRG----K------TAPVKLKAEK------FNCYQ----------SPMAE-TEVCGG--DFSTTIDRTKWGVDYLVNAGMTKNVRI	MKKIIFAALAAAAVGTASATYKVDEYHANVRFAIDHFNTSTNVGGFYGLTGSVEFDQAKRDGKIDITIPVANLQSGSQPFTGHLKSADIFDAAQYPDIRFVSTKFNFNGKKLVSVDGNLTMRGKTAPVKLKAEKFNCYQSPMAETEVCGGDFSTTIDRTKWGVDYLVNAGMTKNVRIDIQIEAAKQ
LbpB_beta_barrel_WP_0022297031	WP_1727656781	0.064	170	11	78	15	13	148	148	270	8.096E+00	7.305E-02	2	278	PAKYTVDILKGELIKNQNPLTIYDITATLDRFTGSAADQRLEGGFFELAGRFIVFGVFAGKQTAHYTGTWEARIWDNKAKFTVDSISGTLTFYIEKGV---IDGFHATAH----------------------------TINRFLRVEGGFYELGGIIFNIT---FGVVFG	NGTFH---AVSSLG------L-SAVYDFK-------LNDKFKP----YIGA----RVSYG----HVR--------HSIDST----KKT---IKVT-TVPSTAPNGAVTTYNTDPKTQNDYQSNSIRRVGLGVIAGIGFDITPNLTLDAGY--RYHNWGRLENTRFKTHEA	MQPAKNLLFSSLLFSSLLFSSLLFSSLLFSSLLFSSAAQAASEDGGRGPYVQADLAYAAERITHDYPEPTGTRKDKISTVSDYFRNIRTHSIHPRVSVGYDFGGWRIAADYARYRKWNNNKYSVNIENVRIRKDNGNRQDLKTENQENGTFHAVSSLGLSAVYDFKLNDKFKPYIGARVSYGHVRHSIDSTKKTIKVTTVPSTAPNGAVTTYNTDPKTQNDYQSNSIRRVGLGVIAGIGFDITPNLTLDAGYRYHNWGRLENTRFKTHEASLGVRYRF
TbpB_beta_barrel_WP_1494493411	WP_0145803211	0.194	508	99	44	24	2	144	189	696	2.468E-03	7.219E-01	129	703	IIYKGVWHF--------------------------VTG--------------------FTSNLEVD---K-LTGKL-----IRN---------TTQYYSLEA--QVTRFNGKAM-------------------AS--SSLSGGFF-----ELGFRFLV-----AVVGSAKTV------------------------------------------------------------------------------------------VYR--------------------------------------------------------------------------------------------------------GSWYGHIAS---WSG----------ADFTVN----KINGTLT--------FTIEGTIQG--FSGTA---------KFDKA-------------QGGFY----E-MGGWF------------AYS--------ATVVFGA	VTYKGTWNFLTDVKANQKFTDLGNTSTKPGDRYSAFPGELDYIVKKEDDKKEKHKGLGLTTEITVDFENKTLKGKLVKNNHVINDNSDDQNKYTTEYYTLDATLRGNRFSGKAMATDKSKNGETGDQTKKHPFVSDSFSLSGGFFGPQGKELGFRFLSDDGKVAVVGSAKTGDKAENGGGNGASGGASVSVSNGAAGTSSENGKLTTVLDAVELTPDGKEIKNLDNFSNATRLVVDGIMIPLLPTESGDGQADKGENGKTAFIYETTYTPESDEKNTQAQTGAGGMQTVSNAAGGTSGETKTYKVQACCSNLNYLKYGLLTRKTAGNTGGGGKGSQAAAQTAQGARSMFLQGERTDENKIPQGQDIVYRGSWYGYIVSGTSWSGNASNATSGNRAEFTVNFDAKKINGKLTAENRSEATFTIDAMIDGNGFKGTAKTGNGGFAPDQNSSTGTHKVHITSAAVQGGFYGPKAEELGGWFAYPGNGQTKNAQTSSGNGNSAGSATVVFGA	MNNPLVNQAAMVLPVFLLSACLGGGGSFDLDSVDTEAPRPAPKYQDVPSKKPEARKDQGGYGFAMRFKRRNWYGSTKEDRVKLNESDWEQTDNGGIKNPSKQKSIIDALTGNDGETLQDSSQEGQSISKVEGYHDFKYVWSGFFYKRIGRTIKKDDSSSKIIEVRNGPDGYIFYKGKNPSRQLPVLGQVTYKGTWNFLTDVKANQKFTDLGNTSTKPGDRYSAFPGELDYIVKKEDDKKEKHKGLGLTTEITVDFENKTLKGKLVKNNHVINDNSDDQNKYTTEYYTLDATLRGNRFSGKAMATDKSKNGETGDQTKKHPFVSDSFSLSGGFFGPQGKELGFRFLSDDGKVAVVGSAKTGDKAENGGGNGASGGASVSVSNGAAGTSSENGKLTTVLDAVELTPDGKEIKNLDNFSNATRLVVDGIMIPLLPTESGDGQADKGENGKTAFIYETTYTPESDEKNTQAQTGAGGMQTVSNAAGGTSGETKTYKVQACCSNLNYLKYGLLTRKTAGNTGGGGKGSQAAAQTAQGARSMFLQGERTDENKIPQGQDIVYRGSWYGYIVSGTSWSGNASNATSGNRAEFTVNFDAKKINGKLTAENRSEATFTIDAMIDGNGFKGTAKTGNGGFAPDQNSSTGTHKVHITSAAVQGGFYGPKAEELGGWFAYPGNGQTKNAQTSSGNGNSAGSATVVFGAKRQELVQ
TbpB_beta_barrel_WP_1494493411	WP_0036881681	0.137	87	12	55	9	4	74	44	126	3.479E-01	3.024E-01	39	126	YKGVWHFVTGFTSNL-EVD--KLTGKLIRNTTQYYSLEAQVT----RFNG-KAMASSSLSG--GFFELGFRFL------VAVVGSAK	FRA-FSCENGLSVRVRNLDGGKIALRL--DGRR-AVLSSDVAASGERYTAEHGLFGNGTEWHQKGGEAFFGFTDAYGNSVETSCRAR	MNIRFFALTVSVLSLAACAVPEAYDGGGRGYMPPVQNQAGPDDFRAFSCENGLSVRVRNLDGGKIALRLDGRRAVLSSDVAASGERYTAEHGLFGNGTEWHQKGGEAFFGFTDAYGNSVETSCRAR
TbpB_beta_barrel_WP_1494493411	WP_0103557851	0.089	101	9	52	10	5	74	32	123	1.569E+00	2.572E-01	22	123	KGVWHFVTG--FTSNL---EVDKL-TGKLIRNTTQYYSLEAQVTR------F----NGKAMASSSLSGGFF------ELGFR---------FLVAVVGSAK	TVSYVCQQGKKVKVTYGFNKQGLTTYASAVINGKR-VQMPINLDKSDNMDTFYGKEGGYV-----LSTGAMDSKSYRKQPIMITAPDNQIVFKD---CSPR	MKLLTTAILSSAIALSSMAAAGTDNPTVAKKTVSYVCQQGKKVKVTYGFNKQGLTTYASAVINGKRVQMPINLDKSDNMDTFYGKEGGYVLSTGAMDSKSYRKQPIMITAPDNQIVFKDCSPR
TbpB_beta_barrel_WP_1494493411	WP_0036890061	0.097	215	21	96	18	6	144	128	320	2.520E-01	2.008E-01	20	327	GVWHF---VTGFTSNLEVDKLTGKLIRN-----TTQYYSLEAQVTRFNGKAMASSSLSGGFFELGFRF--------LV------------AVVGSAK-----TVVYRGSWY---GHIASWSGADFTVNKINGTLTFTIEGTIQG-----FSGTAKFDKA-----------Q------------GGFY----E-MGGWFAYS-------ATVVFGA	GQVWYENHHNNTEV------YSVRQIANPAIPAAPKFGGLVI----AKVPGMGGSNGNV----FFGEWAPRAGNPQQISTDLNMADGKRTVWYVGDNPTGNTTGV-RTATYNVLGINKHTPG----QNDFYT---GQVTATFGSGITGTMAGRISRSSDHVDFDHAKIDNRNGTFADPSQGMTGRFYGNQAAAMAGYTTRGTGNVGDDVAFGGSA	MSIRNKTLLAVLLCGVFGVAAAAPAGGSSQRKSQDPNSDPTTVRPGTSDKQPFGAGKAGLAFSINNGGSWSKSINLDDGPVKYIRAKYQAPINGNDPYANVDGTRNLQYLRLGDVKPVIGWFYNPTLGQVWYENHHNNTEVYSVRQIANPAIPAAPKFGGLVIAKVPGMGGSNGNVFFGEWAPRAGNPQQISTDLNMADGKRTVWYVGDNPTGNTTGVRTATYNVLGINKHTPGQNDFYTGQVTATFGSGITGTMAGRISRSSDHVDFDHAKIDNRNGTFADPSQGMTGRFYGNQAAAMAGYTTRGTGNVGDDVAFGGSATDIETRK
TbpB_beta_barrel_WP_1494493411	WP_0037008091	0.132	128	17	53	12	2	73	216	341	3.915E+00	2.964E-01	17	360	IIYKGVW----------------------HFVTG-----FTSNLEVD--KLTGKLIRNTTQY-YSL---EAQVTR--FNGKAMASS-------SLSGGFFE-------LGFRFL------VAVV-GSA	ITYQV-WGIRVRNGQFVTSSYTPPKSGSYYGTLANTPVLSFITANFNSNTLAGKILG-NSDYGPDVDIQNATITGPTFSGDATSGGKSGKLEGKFFGKFASTRSSEVSIGGKITFDGDRSLDTVFGGV	MKYKALPLLPLAAALAACAGGGVAEPHVPVSIPTATPLPAGEVTLSSDNGNIENINTAGAGSASDAPSRSRRSLDAAPQNTSGISIRQREVEKDYFGYKSKETSFIFKTPGGAQYALSSYADPITVSYSSPDFKIPDRHAGQRLADGSRIFICCSDSGATSYAEITKQDYMKFGAWIGPNGEIDLFAGGFPVGKTPPPAFSYGSSTPETALSKGKITYQVWGIRVRNGQFVTSSYTPPKSGSYYGTLANTPVLSFITANFNSNTLAGKILGNSDYGPDVDIQNATITGPTFSGDATSGGKSGKLEGKFFGKFASTRSSEVSIGGKITFDGDRSLDTVFGGVSYEKKLDDTSQDTNHLTKQ
TbpB_beta_barrel_WP_1494493411	WP_0036916041	0.084	142	12	77	13	16	134	126	237	1.199E+00	1.724E-01	15	245	SNL--EVDKL--TGKLI-RNTTQYYSLEAQVTRFNGKAMASSSLSGGFF---EL-GFRFLVAVVGSAKTVVYRGSWYGHIASWSGADFTVN---KI-NGTLT-------FTIEGTIQGFSGT---AKFDKAQGGFYEMGGWF	AVMPYKNGLSEGTGYRYYRNGGKESEIQFKQNKANG-------VWKQWYADGSIKTEMVM-------------------VNDEPAKILTWDESGRLLSELSIRHHKRNGVVLEWYEDG-SKKSEAVYQDDKL---VRKTQWD	MKKLSRIVFSIVLLGFSAALPAQTYSVYFNQNGKLTATMSSAAYIRQYSVAAGIAHAQDFYYPSMKKYSEPYIVASTQIKSFVPTLQNGMLILWHFNGQKKMAGGFSKGKPDGEWVNWYPNGKKSAVMPYKNGLSEGTGYRYYRNGGKESEIQFKQNKANGVWKQWYADGSIKTEMVMVNDEPAKILTWDESGRLLSELSIRHHKRNGVVLEWYEDGSKKSEAVYQDDKLVRKTQWDKDGYLIEP
TbpB_beta_barrel_WP_1494493411	WP_0037017761	0.117	162	19	64	17	2	142	316	419	1.844E+00	2.271E-01	15	426	IIYKG--VW-HFVTG------FTSNLEVD---K-LTGKLIRNT----TQYYSLEAQVTRFNGKAMASSSLSGGFFELGFRFLVAVVGSAKTVVYRGSWYGHIASWSGADFTVNKIN--GTL--TFTIEGTIQGFSGTAKFDKAQGGFYEMGGWFAYSATVVF	AVYNGEVLHFHMENGRPYPSGSRFAAKVDFGSKSVDGIIDSGDDLHMGT-QKFKAAI---DGN--------------GFK------GTWT---ENG----------GGDV----SGRFYGPAGEEVAGK----YSYRPTDAEKG-------------GFGVF	MFKRSVIAMACIFPLSACGGGGGGSPDVKSADTPSKPAAPVVAENAGEGVLPKEKKDEEAAGGAPQADTQDATAGEGSQDMAAVSAENTGNGGAATTDNPKNEDAGAQNDMPQNAAESANQTGNNQPAGSSDSAPASNPAPANGGSDFGRTNVGNSVVIDGPSQNITLTHCKGDPCNGDNLLDEEAPPKSEFESLSDEEKIKKYKKDGEKFTGLVAIKVENNGLNKYTIIYQAQPTRSARSRRSLPAEIPLIPVNQADTLIVDGEAVSLTGHSGNIFAPEGNYRYLTYGAEKLPGGSYALRVQGEPAKGEMLVGTAVYNGEVLHFHMENGRPYPSGSRFAAKVDFGSKSVDGIIDSGDDLHMGTQKFKAAIDGNGFKGTWTENGGGDVSGRFYGPAGEEVAGKYSYRPTDAEKGGFGVFAGKKDRD
TbpB_beta_barrel_WP_1494493411	WP_0036870651	0.083	72	6	43	7	6	66	58	117	7.868E+00	1.893E-01	10	140	GVWHFV-TGFTSNLEV-----DKLTGKLIR-NTTQYYSLEAQVTRFNGKAMASSSLSGGFF---EL-GFRFL	AFSTRASNGRVLKSIVKNGVFDR-FVDIYHPNGKLHSHTPVENG-----------VAQGYTEQGILRTRILY	MKHAPIILLLTASSAALLSAGCTALPSDRPPLRTLPKSAPIQPANPYSRPPSGTPDGAFSTRASNGRVLKSIVKNGVFDRFVDIYHPNGKLHSHTPVENGVAQGYTEQGILRTRILYRDGHIVRAQTLDASGKVEREWQP
TbpB_beta_barrel_WP_1494493411	WP_0036895441	0.113	150	17	92	11	1	119	43	182	3.915E+00	1.346E-01	7	193	NIIYK----GVWHFV-TGFT-SNLEVDKLTGKLIRNT-----TQYYSLEAQVTRFNGKAMASSSLSGGFFELGFRFLVAVVG--SAKTVVYRGSWYGHIASWSG----------ADFTVNKINGTLT--------FTIEGTIQGFSGTAK	EPQYTMDGLDGRRFDEQGYLKEHLSA-KGAKQFPENSDIHFDSP-HLVFFQEGRLLY-EVGSDEAVYHTENKQVLFKNNVVLTKTADGRRQAGKV-------ETEKLHVDTESQYAQTDTPVSFQYGASHGQAGGMTYNHKTGMLNFSSK	MKVRWRYGIAFPLILAVALGSLSAWLGRISEVEIEEVRLNPDEPQYTMDGLDGRRFDEQGYLKEHLSAKGAKQFPENSDIHFDSPHLVFFQEGRLLYEVGSDEAVYHTENKQVLFKNNVVLTKTADGRRQAGKVETEKLHVDTESQYAQTDTPVSFQYGASHGQAGGMTYNHKTGMLNFSSKVKAAIYDTKDM
TbpB_beta_barrel_WP_1494493411	WP_0036902901	0.090	55	5	28	3	2	34	71	125	7.868E+00	1.099E-01	7	199	IIYKGVWHFV----------TG--------FTSNLE----VDKLTGKLIRNTTQY	LNFTLSWQLSAPTIASYRFKLGQLIGDDDNIDYKLSFHPLTNRYRVTVGAFSTDY	MAFITRLFKSIKQWLVLLPMLSVLPDAAAEGIAATRAEARITDGGRLSISSRFQTELPDQLQQALRRGVPLNFTLSWQLSAPTIASYRFKLGQLIGDDDNIDYKLSFHPLTNRYRVTVGAFSTDYDTLDAALRATGAVANWKVLNKGALSGAEAGETKAEIRLTLSTSKLPKPFQINALTSQNWHLDSGWKPLNIIGNK
TbpB_beta_barrel_WP_1494493411	WP_0036885701	0.147	34	5	25	2	8	39	119	150	8.757E+00	1.166E-01	7	215	WHFVTGFTSNLEVDKLTGKLI--RNTTQYYSLEA	TSYQILDSVTTV--SAKARLVDSRNGKELWSGSA	MKPLILGLAAVLALSACQVRKAPDLDYTSFKESKPASILVVPPLNESPDVNGTWGMLASTAAPISEAGYYVFPAAVVEETFKENGLTNAADIHAVRPEKLHQIFGNDAVLYITVTEYGTSYQILDSVTTVSAKARLVDSRNGKELWSGSASIREGSNNSNSGLLGALVGAVVNQIANSLTDRGYQVSKTAAYNLLSPYSRNGILKGPRFVEEQPK
TbpB_beta_barrel_WP_1494493411	WP_0044654011	0.062	160	10	77	13	2	141	248	354	2.835E+00	1.290E-01	7	412	IIYKGVWHFVTGFTSNLEVDKLTGKLIRNTTQY-YSLEAQVTRFNGKAMASSSLSGGFFE---LGFRFLVAVVGSAK--TVVYRGSWYGHIASW-----------SGADFTVNKINGTLTFTIEG--TIQG-FSGTAKFDKAQGGFYEMGGWFAYSATVV	AIAVG-IKF------------------DDGTVYPEKGRLLF------------ADPTVDESTGQIT----LRAAVSNDQNILMP--------GLYVRVLMDQVAADNAFIVPQQAVTRGAKDTVMIVNAQGGMEPRE----VTVAQQQ------GTNWIV	MAFYASKAMRAAALAAAVALALSSCGKGRDAAQGGQPAGREAPAPVVGVVTVHPQTVALTVELPGRLESLRTADVRAQVGGIIQKRLFQEGSYVRAGQPLYQIDSSTYEAGLESARAQLATAQATLAKADADLARYKPLVSADAISKQEYDAAVTAKRSAEAGVKAAQAAIKSAGINLNRSRITAPISGFIGQSKVSEGTLLNAGDTTVLATIRQTNPMYVNVTQSASEVMKLRRQIAEGKLLAADGAIAVGIKFDDGTVYPEKGRLLFADPTVDESTGQITLRAAVSNDQNILMPGLYVRVLMDQVAADNAFIVPQQAVTRGAKDTVMIVNAQGGMEPREVTVAQQQGTNWIVTSGLKDGDKVVVEGISIAGMTGAKKVTPKEWAPSENQAAAPQAGVQTASEAKPASEAK
TbpB_beta_barrel_WP_1494493411	WP_0145803241	0.098	162	16	62	11	6	142	39	141	2.546E+00	9.479E-02	7	416	GVWHFVTGFTSNLEVDKLTGKLIRNTTQYYSLEAQVTR------FNG------------KAMASS----SLSGGFFE---LGFRFLVAVVGSAKTVVYRGSWYGHIASWSGADFTVNKINGTLTFTIEGTIQGFSGTAKFDKAQGGFYEMGGWFAYSATVVF	ARIWPSHTYTR------LTLESTA--ALKYQHFALDNPGRLVVDIQNANINTVLHGLSQKVMADDPFIRSIRAGQNTPTTV------RLVIDLK---QPTHA--------QVFALP-------------PVGGFKD---------------------RLVVD	MTKLTRRQIIRRTADTLFALSPIASAVAKTVRAPQFTAARIWPSHTYTRLTLESTAALKYQHFALDNPGRLVVDIQNANINTVLHGLSQKVMADDPFIRSIRAGQNTPTTVRLVIDLKQPTHAQVFALPPVGGFKDRLVVDLYPHGMDADDPMMALLNGSLNKTLRGSPEADPAQNTTPRPGRGKNGRRPVIMLDPGHGGEDPGAVSPGGLQEKHVVLSIARETKKQLEALGYNVFMTRNEDVFIPLGVRVAKGRARRADVFVSIHADAFTSPSARGTGVYMLNTKGATSSAAKFLEQTQNNADAVGGVPTSGNRNVDTALLDMTQTATLRDSRKLGKLVLEELGRLNHLHKGRVDEANFAVLRAPDMPSILVETAFLSNPAEEKLLGSESFRRQCAQSIASGVQRYINTSVLKRG
TbpB_beta_barrel_WP_1494493411	WP_1727639301	0.117	188	22	67	16	3	124	683	837	6.017E+00	2.058E-01	7	1054	IYKGVWHFVTGFTSNLEVDK--------------LTGKLI-RNT-TQYYSLEAQVTRFNGKAMASSSL-SGGFFE------------------LGFRFLV------AVVGSAKT------------VVYRGSWYGHIASWSGADFTVNKINGTLTFTIEGT----------IQG---FSGTAKFDKAQ	PQIGK--TQNGKYAAFLASGYAAKNIGSGDNTTALYVYDLENTSGSLIKKIEAPG----GKG----GLSSPTLVDKDLDGTVDIAYAGDRGGNMYRFDLSDSNPDK---WSVRTIFEGDKPITSAPAVSR----------------LAD-KR---VVIFGTGSDLTEDDVLNTGEQYIYGIFDDDKAA	MNKTLKRRVFRHTALYAAILMFSHTGGGGAMAQTHKYAIIMNERKQPEVKWETQYSQSALKDKGRERTFSHTSQKGRFNITHNFISFNNNDTLVSQQSGTAVFGTATYLPPYGKVSGFDADGLKKRNNAVNWIRTTRPGLAGYGYTGIRCGSTKDCPKLTYKTRFSFDNTDLVETRGGLDRHTEPSRENSPIYKLKDYPWLGVSFNLGAEGTAKDGRSSSRLISSFDENNSNSNQNLVYTTEDHRISLGNWQHETTAMAYYLNAKLHLLDKEKIKDITGKTVRLGVLKPSIDVKTQNTGLSGILNFWSKWDIKDNGQIPVKLGLPEVKAGRCINKPNPNNNTKAPSPALTAPALWFGPVQNGKVQMYSASVSTYPGSSSSRIFLQELKTQTDPARPGRHSLAALNTQDIKSREPNFNSRQTVIRLPGGVYRIAPTRDRIVGLNGNDGKNDTFGIYKDRLVTPEADEWAKVLLPWTVRYYGNDDIFKTFNQPNNKKQSDKKQYSQKYRIRTKEDDNDKPRDLGDIVNSPIVAVGGYLATAANDGMVHIFKKTGTDERGYELKLSYIPGTMPRQYFDNDTSTLKDSTLAQELRTFAEKGYVGDRYGVDGGFVLRRITDDQDKQKHFFMFGAMGLGGRGAYALDLSKIDSSNLTGVSMFDVQNDKNNNNNKNDNNRVKLGYTVGTPQIGKTQNGKYAAFLASGYAAKNIGSGDNTTALYVYDLENTSGSLIKKIEAPGGKGGLSSPTLVDKDLDGTVDIAYAGDRGGNMYRFDLSDSNPDKWSVRTIFEGDKPITSAPAVSRLADKRVVIFGTGSDLTEDDVLNTGEQYIYGIFDDDKAANNVNASRGVLGSGLLEQHLTQENKTLFLNKRSDGSGSKGWAVKLTGGRRVTVKPTVVLRTAFVTIRKYKDDGCGAETAILGINTADGGALTPRSARPIVPDHNSVAQYSGHQKMNGKSIPIGCMWKNSKTVCPNGYVYDKPVNVRYLDEKKTDDFPVTADGDAGGSGTFKEGKKPARNNRCFSGKGVRTLLMNDLDSLDITGPMCGIKRLSWREVFF
TbpB_beta_barrel_WP_1494493411	WP_0036906711	0.078	205	16	100	19	3	143	31	210	4.131E+00	1.294E-01	6	223	IYKGVWHFVTGFTSNL--EVDK----LTGKL---------------------------IRNTTQYYSLEAQVTRF-NG-----KAMASS----------------SLS----GGFF--ELGFRFLVAVVGSAKTVVYRGSWYGH-IASWSGADFTVNKINGTL-TFTIEGTIQGFSGTA-KFDKAQGGFYEMGGWFAYSATVVFG	VLHYSGSY--GIPATMTFERSGNAYKIVSTIKVPLYNIRFESGGTVVGNTLHPAYYKDIRRGKLYAEAKFADGSVTYGKAGESKTEQSPKAMDLFTLAWQLAANDVKLPPGLKITNGKKLYSV------GG----LNKAGTGKYSIGGVE-TEVV--KYRVRRGDDTV------TYFFAPSLNNIP---AQIG-YTDDGKTYTLK	MMKTFKNIFSAAILSAALPCAYAARLPQSAVLHYSGSYGIPATMTFERSGNAYKIVSTIKVPLYNIRFESGGTVVGNTLHPAYYKDIRRGKLYAEAKFADGSVTYGKAGESKTEQSPKAMDLFTLAWQLAANDVKLPPGLKITNGKKLYSVGGLNKAGTGKYSIGGVETEVVKYRVRRGDDTVTYFFAPSLNNIPAQIGYTDDGKTYTLKLKSVQINGQAAKP
TbpB_beta_barrel_WP_1494493411	WP_0037066251	0.061	49	3	29	4	1	43	41	78	6.017E+00	8.688E-02	6	237	NIIYKGVWHFVTGFTSNLEVDK-----LTGKLIRNTTQY-YSLEAQVTR	DKDQIRAFGVVAE-----DNAQLEKGSLV------MMGGKYWFAVNPED	MLFRKTTAAVLAATLILNGCTMMLRGMNNPVSQTITRKHVDKDQIRAFGVVAEDNAQLEKGSLVMMGGKYWFAVNPEDSAKLTGLLKAGLDKPFQIVEDTPSYARHQALPVKFEAPGSQNFSTGGLCLRYDTGRPDDIAKLKQLEFKAVKLDNRTIYTRCVSAKGKYYATPQKLNADYHFEQSVPADIYYTVTEKHTDKSKLFGNILYTPPLLILDAAAAVLVLPMALIAAANSSDK
TbpB_beta_barrel_WP_1494493411	WP_0036889761	0.115	69	8	46	7	1	65	81	138	4.359E+00	1.104E-01	6	252	NIIYKGVWHFVTGFTSNLEVDK-LTGKLIRNTTQYY---SLEAQVTRFNGKAMASSSLSGGFFELGFRF	KPSMVDVENN-GHTIQVNYPEGGNTLTV--NGRT-YTLKQFHFHV---PSE----NQIKGRTFPMEAHF	MPRFPRTLPRLTAVLLLACTAFSAAAHGNHTHWGYTGHDSPESWGNLSEEFRLCSTGKNQSPVNITETVSGKLPAIKVNYKPSMVDVENNGHTIQVNYPEGGNTLTVNGRTYTLKQFHFHVPSENQIKGRTFPMEAHFVHLDENKQPLVLAVLYEAGKTNGRLSSIWNVMPMTAGKVKLNQPFDASTLLPKRLKYYRFAGSLTTPPCTEGVSWLVLKTYDHIDQAQAEKFTRAVGSENNRPVQPLNARVVIE
TbpB_beta_barrel_WP_1494493411	WP_0036903161	0.166	24	4	16	2	62	81	300	323	7.068E+00	8.463E-02	6	419	GFRFLV---AVVGS-AKTVVYRGS	VAITRFDNRIRVGGMAELSGYETK	MKVLVLGAGVAGVSSVWYLAEAGHEVTVIDRTEGVAMETSFANAGQLSYGYTTPWAAPGIPTKALKRLFKSHPPLLFRPDGGLYQIEWLWRMLQNCTATRYQINKERMVRISEYSREMFRRFEAQTDMNFEGRKKGTLQIFRQTEEVEAAKQDIAVLERYGVPYRRLKPEECAEFEPALARVTAKIVGGLHLPADATGDCRLFTENLYKLCQEKGVRFYFNQTISRIDHNGLRIKAVETETGRFETDAVVCALGCFSRTVLAQLDLNLPIYPVKGYSLTLPVTNSDGAPVSTVLDESYKVAITRFDNRIRVGGMAELSGYETKLPEKRRETLALVVNDLFPEGGDLSQALSWSGLRPMTPDSTPLIGRTRFENLFLNTGHGTLGWTMSPGSAKLTADIVSGKDTEIRSDDLSLSRYQKL
TbpB_beta_barrel_WP_1494493411	WP_0036918591	0.065	167	11	71	10	19	118	105	253	6.017E+00	1.385E-01	6	430	EVDKLTGKLIR-NTTQYYSLEAQVTRFNGKAMASSSLSGGFFELGFRFL----VAVVGSAKT-VVY-RGSWYGHIA--------------------------------------------------------SWSGADFTV--NKINGTLTFTIEGTIQ--GFSGTA	RADQSVHVLVGGDGSAREVQ------F---------FTDEDGERNLVALEKKGGIWRRSASDADMKVLPTLRSVVVKTSARGSLARAEVPVEIRESLSGIFAGRFSLDGLKEGDAVRLLYDSLYFHGQQVAAGDILAAEVVKGDTTHQ---AFYYRSDKEGGGGGNY	MAVFPLSAKHRKYALRALAVSIILVSAAYIASTEGTERVRPQRVEQKLPPLSWGGSGVQTAYWVQEAVQPGDSLADVLARSGMARDEIARITEKYGGEADLRHLRADQSVHVLVGGDGSAREVQFFTDEDGERNLVALEKKGGIWRRSASDADMKVLPTLRSVVVKTSARGSLARAEVPVEIRESLSGIFAGRFSLDGLKEGDAVRLLYDSLYFHGQQVAAGDILAAEVVKGDTTHQAFYYRSDKEGGGGGNYYDEDGRVLQEKGGFNIEPLVYTRISSPFGYRMHPILHTWRLHTGIDYAAPQGTPVRASADGVITFKGRKGGYGNAVMIRHSNGVETLYAHLSAFSQAQGNVRGGEVIGFVGSTGRSTGPHLHYEARINGQPVNPVSVALPTPELTQADKAAFAAQKQKADALLARLRGIPVTVSQSD
TbpB_beta_barrel_WP_1494493411	WP_0036900421	0.080	124	10	59	11	3	121	23	96	5.703E+00	1.188E-01	5	154	IYKGVWHFVTGFTSNLEVDK-----LTGKLIRNTTQYYSLEAQVTRFNGKAMASSSLSGGFFELGFRFLVAVVGSAKTVVYRGSWYGHIASWSGADFTVNKINGTLTFTIEGTIQGFSGTAKFD	TWHCIGT-DENIHSDTKVKYLQDGSFRGDA-------ILKIDDDGNI---------LAY----RVVG----E----------GKW--RFAN--NALTQS-QIKYGE----------VSRQHSPE	MKRFILPVLLSATTALASPIVGTWHCIGTDENIHSDTKVKYLQDGSFRGDAILKIDDDGNILAYRVVGEGKWRFANNALTQSQIKYGEVSRQHSPETLAWLEKSEDGRLLESMMYTGLVAQMDKPGKDDVYQLDKSGKLVSEDGTSREACTKVE
TbpB_beta_barrel_WP_1494493411	WP_0036895421	0.079	164	13	88	12	3	124	31	173	7.458E+00	1.385E-01	5	176	IYKGV--WHFVTGFTSNLEVDKLTGKLIRNTTQYYSLEAQVTRFNGKAMASSSLSGG-FFE--LGFRFLVA-VVGSAKTVVYRGSWYG------HIASWSG---ADFTVNKINGTLT-FTIE----------------GTIQG----------FSGTAKFDKAQ	IQIEADQGSLDQANQSTTFSGNVIIRQG-----TLNIS------------ASRVNVTRGGKGGESVRAEGSPVRFSQTLDGGKGTVRGQANNVTY----SSAGSTVVLTGNAKVQRGGDVAEGAVITYNTKTEVYTINGSTKSGAKSASKTGRVSVVIQPSSTQ	MIQKICKLFVLIVIFATSPAFALQSDSRRPIQIEADQGSLDQANQSTTFSGNVIIRQGTLNISASRVNVTRGGKGGESVRAEGSPVRFSQTLDGGKGTVRGQANNVTYSSAGSTVVLTGNAKVQRGGDVAEGAVITYNTKTEVYTINGSTKSGAKSASKTGRVSVVIQPSSTQKTE
TbpB_beta_barrel_WP_1494493411	WP_0036936941	0.166	24	4	17	1	98	121	325	345	5.404E+00	8.834E-02	5	351	KINGTLTFTIEGTIQGFSGTAKFD	KLAV---FLIVRDKDGYRTAMSSE	MPSETRLPNLIRALIFALGFIFLNACSEQTAQTVTLQGETMGTTYTVKYLSNNRDKLPSPAKIQKRIDDALKEVNRQMSTYQTDSEISRFNQHTAGKPLRISSDFAHVTAEAVRLNRLTHGALDVTVGPLVNLWGFGPDKSVTREPSPEQIKQAASYTGIDKIILQQGKDYASLSKTHPKAYLDLSSIAKGFGVDKVAGELEKYGIQNYLVEIGGELHGKGKNAHGEPWRIGIEQPNIIQGGNTQIIVPLNNRSLATSGDYRIFHVDKNGKRLSHIINPNNKRPISHNLASISVVSDSAMTADGLSTGLFVLGETEALRLAEQEKLAVFLIVRDKDGYRTAMSSEFAKLLR
TbpB_beta_barrel_WP_1494493411	WP_0036913881	0.131	99	13	54	7	1	72	116	209	7.068E+00	1.336E-01	5	397	NIIYK---GVWH----------FVTGFTSNLEVDKLTGKLIR--NTTQY--YSLEAQVT------RFNGKAMASSSLSGGFFELGF----RFLVAVVGS	RMAAVRHSGNWQSFTSRNNTGDFPLGGILAQTGSGGGMTLTASDGKTGKQRVSLFAKPLLAEQTLTVNGNT-----VSANGGGWQVLDTGAALPLAIQT	MNPKHFIAFSALFAATQAEALPVASVSPDTVTVSPSAPYTDTNGLLTDYGNAAASPWMKKLRSVAQGSGEAFRILQIGDSHTAGDFFTDALRKRLQKTWGDGGIGWVYPANVKGQRMAAVRHSGNWQSFTSRNNTGDFPLGGILAQTGSGGGMTLTASDGKTGKQRVSLFAKPLLAEQTLTVNGNTVSANGGGWQVLDTGAALPLAIQTEMPWDIGFINIENPAGGITVSAMGINGAQLTQWSKWRADRMNDLAQTGADLVILSYGTNEAFNNNIDIADTEQKWLDTVRQIRDSLPAAGILIIGAPESLKNTLGVCGTRPVLLTEVQQMQRRVARQGQTMFWSWQNAMGGICSMKNWLNQGWAAKDGVHFSAQGYRRAAEMLADSLEELVRAAAIRQ
TbpB_beta_barrel_WP_1494493411	WP_0036907581	0.137	51	7	27	4	3	49	75	112	9.745E+00	9.048E-02	4	159	IYKGVWHFVTG----FTSNLEVDKLTGKLIRNTTQYYSLEAQVTRFNGKAM	QNKETYTVTRAAVINEYLLI----LTVEA-------QVLK--RGEPVGKPM	MNKIFLTAAALMLGACGFHLKGADGISPPLTYRSWHIEGGQALQFPLETALYQASGRVDDAAGAQMTLRIDSVSQNKETYTVTRAAVINEYLLILTVEAQVLKRGEPVGKPMTVSVRRILDYADNEILGKQEEEETLWAEMRQDVAEQIVRRLTFLKAE
TbpB_beta_barrel_WP_1494493411	WP_0036907191	0.071	183	13	89	16	2	143	31	173	5.703E+00	1.191E-01	4	175	IIYKGVWHFVTG---FTSNLEVDKLTGKLIRNTTQYYSLEAQVTRFNG-KAMASSS----------LSGGFFE---------------LGFRF-LVAVVGSAKTVVYRGSWYG-----HIASWSGADFTVNKINGTLT--FTIEGTIQGFS----GTAKFDKAQGGFYEMGGWFAYSATVVFG	AAHAK-ASSSLGSAKGFSPR----ISAGYRINDLR-FAVDYT--RYKNYKQAPSTDFKLYSIGASVIYDFDTQSPVKPYFGARLSLNRASAHLGGSDSFSKT------SAGLGVLAGVSYAVTPNVDL----DAG---YRYNYIGKVNNVKNVRSGEL-------------------SAGVRV	MKKALAALIALALPAAALAEGASGFYVQADAAHAKASSSLGSAKGFSPRISAGYRINDLRFAVDYTRYKNYKQAPSTDFKLYSIGASVIYDFDTQSPVKPYFGARLSLNRASAHLGGSDSFSKTSAGLGVLAGVSYAVTPNVDLDAGYRYNYIGKVNNVKNVRSGELSAGVRVKF
TbpB_beta_barrel_WP_1494493411	WP_0036874231	0.089	179	16	77	16	16	143	136	279	8.757E+00	1.219E-01	4	499	SNLE----VDKL-TGKLI-RNTTQYYSLEA---QVTRFNGKAMASSSLSGGFFELGFRFLVAVVGSAK-----TVVYRGS--------WYGHIASWSGADFT----VNKING--------TLT----FTIEGTIQGFS-------GTAKFDKAQGGFYEMGGWFA------YSATVVFG	YILTNTHVVAGMGSIKVLLNDKRE-YTAKLIGSDVQS-----------------------DVALLKIDATEELPVVKIGNPKNLKPGEWVA-------AIGAPFGFDNSVTAGIVSAKGRSLPNESYTPFIQT--DVAINPGNSGGPLFNLKGQ--VVGINSQIYSRSGGFMGISFAIP	MFKKYQYFALAALCAALLAGCEKAGSFFGADKKEASFVERIEHTKDDGSVSMLLPDFAQLVQSEGPAVVNIQAAPAPRTQNGSGNAETDSDPLADSDPFYEFFKRLVPNMPEIPQEEADDGGLNFGSGFIISKNGYILTNTHVVAGMGSIKVLLNDKREYTAKLIGSDVQSDVALLKIDATEELPVVKIGNPKNLKPGEWVAAIGAPFGFDNSVTAGIVSAKGRSLPNESYTPFIQTDVAINPGNSGGPLFNLKGQVVGINSQIYSRSGGFMGISFAIPIDVAMNVAEQLKNTGKVQRGQLGVIIQEVSYGLAQSFGLDKASGALIAKILPGSPAERAGLQAGDIVLSLDGGEIRSSGDLPVMVGAITPGKEVSLGVWRKGEEITIKAKLGNAAEHTGASSKTDEAPYTEQQSGTFSVESAGITLQTHTDSSGKHLVVVRVSDAAERAGLRRGDEILAVGQVPVNDEAGFRKAMDKAGKNVPLLVMRRGNTLFIALNLQ
TbpB_beta_barrel_WP_1494493411	WP_0036913601	0.089	201	18	73	17	3	143	30	180	7.458E+00	1.086E-01	3	186	IYKGV---------WHFVTGFTSNLEVD---KLTGKLIRNTTQYYSLEAQVTRFNGKAMASSSLSGGF--------FE--------LGFRFLVAVVGSAKTVVYRGSWYGHIASWSGADFTVNKINGTLT-----FTIEGTIQGFSGTAKFDKAQGGFYE--------MGGWF-----------AYS--------ATVVFG	VRFAIDHFNTSTNVGGFY-GLTGSVEFDQAKR-DGKI-------DITIP-VANLQ---------SGSQPFTGHLKSADIFDAAQYPDIRF-----VSTK---------FNFNGKKLVSVD----GNLTMRGKTAPVKLKA-------------EKFNCYQSPMAETEVCGGDFSTTIDRTKWGVDYLVNAGMTKNVRIDIQ	MKKIIFAALAAAAVGTASATYKVDEYHANVRFAIDHFNTSTNVGGFYGLTGSVEFDQAKRDGKIDITIPVANLQSGSQPFTGHLKSADIFDAAQYPDIRFVSTKFNFNGKKLVSVDGNLTMRGKTAPVKLKAEKFNCYQSPMAETEVCGGDFSTTIDRTKWGVDYLVNAGMTKNVRIDIQIEAAKQ
TbpB_beta_barrel_WP_1494493411	WP_1727639471	0.130	161	21	71	18	14	143	224	346	7.458E+00	1.013E-01	3	348	FTSNLEVDKLTGKLIRNTTQYYSLEAQVTRFNGKAMAS----SSLSGGFFELGFRFLVAVVGSAKTVVYR-GSWYG-----HIASWSGADFTVN-----KINGTLTFTIEGTIQGFSGTAKFDKAQGGFYE-----MGGW---FAYS--------ATVVFG	LQVHR----LVGGYDNNALY-VSVAAQ--QQDAKLYQNQLVRDNSHN----SQTE----VAATA---AYRFGNVTPRVSYAH----GFKG-TVDSADHDNTYD---QVVVG------AEYDF------SKRTSALVSAGWLQEGKGANKIVSTASAVVLRH	MKKSLIALTLAALPVAATADVTLYGAIKAGVQTYRSVEHREGKVVGVETGSEISDFGSKIGFKGQEDLGNGLKAIWQLEQGASVAGTNSGWGNKQSFIGLKGGFGTIRAGSLNSPLKNTKNNVNAWESGKFTGNVLEISGMAKREHRYLSARYDSPEFAGFSGSVQYAPKDNSGSNGESYHVGLNYRNNGFFAQYAGLFQRYGEGTKKIEGYQYNIPSLFVEKLQVHRLVGGYDNNALYVSVAAQQQDAKLYQNQLVRDNSHNSQTEVAATAAYRFGNVTPRVSYAHGFKGTVDSADHDNTYDQVVVGAEYDFSKRTSALVSAGWLQEGKGANKIVSTASAVVLRHKF
TbpB_beta_barrel_WP_1494493411	WP_0036904071	0.117	136	16	66	12	14	142	1373	1461	8.301E+00	7.700E-02	3	1468	FTSNLEVDKLTGKLIRNTTQYYSLEAQVTRFNGKAMASSSLSG---GFFELGFRFLVAVVG---SAKTVVYRGSWYGHIASWSGADFTVNKINGTLT-FTIEGTIQGFSGTAKFDKAQGGFYEMGGWFAYSATVVF	FNRYRA--GIKADYSFKPAQHISITP--------YL---SLSYTDAASGKVRTRVNTAVLAQDFGK---T-RSAEWG--------------VNAEIKGFTLSL----HAAAAKGPQLE-----A-------QHSAG	MKTTDKRTTETHRKAPKTGRIRFSPAYLAICLSFGILPQARAGHTYFGINYQYYRDFAENKGKFAVGAKDIEVYNKKGELVGKSMTKAPMIDFSVVSRNGVAALAGDQYIVSVAHNGGYNNVDFGAEGSNPDQHRFSYQIVKRNNYKAGTNGHPYGGDYHMPRLHKFVTDAEPVEMTSYMDGWKYADLNKYPDRVRIGAGRQYWRSDEDEPNNRESSYHIASAYSWLVGGNTFAQNGSGGGTVNLGSEKIKHSPYGFLPTGGSFGDSGSPMFIYDAQKQKWLINGVLQTGNPYIGKSNGFQLVRKDWFYDEIFAGDTHSVFYEPHQNGKYFFNDNNNGAGKIDAKHKHYSLPYRLKTRTVQLFNVSLSETAREPVYHAAGGVNSYRPRLNNGENISFIDKGKGELILTSNINQGAGGLYFEGNFTVSPKNNETWQGAGVHISDGSTVTWKVNGVANDRLSKIGKGTLLVQAKGENQGSVSVGDGKVILDQQADDQGKKQAFSEIGLVSGRGTVQLNADNQFNPDKLYFGFRGGRLDLNGHSLSFHRIQNTDEGAMIVNHNQDKESTVTITGNKDITTTGNNNNLDSKKEIAYNGWFGEKDATKTNGRLNLNYQPEEADRTLLLSGGTNLNGNITQTNGKLFFSGRPTPHAYNHLGSGWSKMEGIPQGEIVWDNDWIDRTFKAENFHIQGGQAVVSRNVAKVEGDWHLSNHAQAVFGVAPHQSHTICTRSDWTGLTSCTEKTITDDKVIASLSKTDIRGNVSLADHAHLNLTGLATLNGNLSAGGDTHYTVTRNATQNGNLSLVGNAQATFNQATLNGNTSASDNASFNLSNNAVQNGSLTLSDNAKANVSHSALNGNVSLADKAVFHFENSRFTGKISGGKDTALHLKDSEWTLPSGTELGNLNLDNATITLNSAYRHDAAGAQTGSAADAPRRRSRRSLLSVTPPTSAESRFNTLTVNGKLNGQGTFRFMSELFGYRSGKLKLAESSEGTYTLAVNNTGNEPVSLEQLTVVEGKDNTPLSENLNFTLQNEHVDAGAWRYQLIRKDGEFRLHNPVKEQELSDKLGKAGETEAALTAKQAQLAAKQQAEKDNAQSLDALIAAGRDATEKAESVAEPARQAGGENAGIMQAEEEKKRVQADKDTALAKQREAETRPATTAFPRARRARRDLPQPQPQPQPQPQRDLISRYANSGLSEFSATLNSVFAVQDELDRVFAEDRRNAVWTSGIRDTKHYRSQDFRAYRQQTDLRQIGMQKNLGSGRVGILFSHNRTENTFDDGIGNSARLAHGAVFGQYGIGRFDIGISAGAGFSSGSLSDGIRGKIRRRVLHYGIQARYRAGFGGFGIEPHIGATRYFVQKADYRYENVNIATPGLAFNRYRAGIKADYSFKPAQHISITPYLSLSYTDAASGKVRTRVNTAVLAQDFGKTRSAEWGVNAEIKGFTLSLHAAAAKGPQLEAQHSAGIKLGYRW
TbpB_beta_barrel_WP_1494493411	WP_1062749351	0.105	142	15	61	17	14	142	1498	1586	9.745E+00	7.918E-02	2	1593	FTSNLEVDKLTGKLIRNTTQYYSLEAQVTRFNGK-----AMASSSLSGGFFEL--GFRFLVAV-V---GSAKTVVYRGSWYGHIASWSG-ADFTVNKINGTLTFTIEGTIQGFSG-TAKFDKAQGGFYEMGGWFAYSATVVF	MAVKT----LTAGL-------DFAYRFKV---GNLTVKPL-----LSAAYFANYGKGG----VNVGGKSFAYKAD-NQQQYS-----AGAALLYRNVTLN---VNGSI----TKGKQLE----------K-------QKSGQ	MKAKRFKINAISLSIFLAYALTPYSEAALVRDDVDYQIFRDFAENKGKFFVGATDLSVKNKRGQNIGNALSNVPMIDFSVADVNKRIATVVDPQYAVSVKHAKAEVHTFYYGQYNGHNDVADKENEYRVVEQNNYEPHKAWGASNLGRLEDYNMARFNKFVTEVAPIAPTDAGGGLDTYKDKNRFSSFVRIGAGRQLVYEKGVYHQEGNEKGYDLRDLSQAYRYAIAGTPYKDINIDQTMNTEGLIGFGNHNKQYSAEELKQALSQDALTNYGVLGDSGSPLFAFDKQKNQWVFLGTYDYWAGYGKKSWQEWNIYKKEFADKIKQHDNAGTVKGNGEHHWKTTGTNSHIGSTAVRLANNEGDANNGQNVTFEDNGTLVLDQNINQGAGGLFFKGDYTVKGANNDITWLGAGIDVADGKKVVWQVKNPNGDRLAKIGKGTLEINGTGVNQGQLKVGDGTVILNQKADADKKVQAFSQVGIVSGRGTLVLNSSNQINPDNLYFGFRGGRLDANGNDLTFEHIRNVDEGARIVNHNTDHASTITLTGKSLITNPNSLSVHSIQNDYDEDDYSYYYRPRRPIPQGKDLYYKNYRYYALKSGGNVNAPMPENGVAENNDWVFMGYTQEEAKKNAMNHKNNQRISGFSGFFGEENEKGHNGALNLNFNGKSAQNRFLLTGGANLNGKISVTQGNVLLSGRPTPHARDFVNKSSARKDAHFSKNNEVVFEDDWINRTFKAAEIAVNQSASFSSGRNVSDITANITATDNAKVNLGYKNGDEVCVRSDYTGYVTCNTGNLSDKALNSFDATRINGNVNLSQNAALVLGKAALWGQIQGQGNSRVSLNQHSKWHLTGDSQVHNLSLADSHIHLNNASDAQSANKYHTIKINHLSGNGHFHYLTDLAKNLGDKVLVKESASGHYQLHVQNKTGEPNQEGLDLFDASSVQDRSRLFVSLANHYVDLGALRYTIKTENGITRLYNPYAGNRRPVKPAPSPAANTASQAQKATQTDGAQIAKPQDIVVAPPSPQANQAEEAKRQQAKAEQVKRQQAEAGRKSAELSAKQRAGEEERRQTAQSQPQRRKRRAAPQDYMAVSQDRPKRRGHRSVQQNNVEIAQAQAELARRQQEERKAAELLAKQRAEAEREAQALAARRKAEAEEAKHQAAELAHRQEAKRKAAESAKRKAEEEEHRQTAQSQPQRRKRRAAPQDYMAVSQDRPKRRGRRSTLPAPPSPSFDSSAYAAPRALHNPDWYENDYEEIPLDALEDEDVSESVDTSDKQPQDNTELHEKVEAVSLQPRAAQPRTQAAAQADAVSTNTNSALSDTMASTQSILLDTGASLTRHIAQKSRADAEKNSVWMSNTGYGRDYASAQYRRFSSKRTQTQIGIDRSLSENMQIGGVLTYSDSQHTFDQAGGKNTFVQANLYGKYYLNDAWYVAGDIGAGSLRSRLQTQQKANFNRTSIQTGLTLGNTLKINQFEIVPSAGIRYSRLSSADYKLGDDSVKVSSMAVKTLTAGLDFAYRFKVGNLTVKPLLSAAYFANYGKGGVNVGGKSFAYKADNQQQYSAGAALLYRNVTLNVNGSITKGKQLEKQKSGQIKIQIRF
fHbp_beta_barrel_WP_0022299201	WP_0036881681	0.121	74	9	52	6	11	72	54	126	2.359E+00	4.861E-01	22	126	RLHY-SID--QGYGRIE-----LASAELKAAVILGDTRYEEK---GTYHLALFEIAGSATVKIK-VHEIGIAGK	SVRVRNLDGGKIALRLDGRRAVL-SSDVAASGERYTAEHGLFGNGTEWHQKGGEAFFGFTDAYGNSVETSCRAR	MNIRFFALTVSVLSLAACAVPEAYDGGGRGYMPPVQNQAGPDDFRAFSCENGLSVRVRNLDGGKIALRLDGRRAVLSSDVAASGERYTAEHGLFGNGTEWHQKGGEAFFGFTDAYGNSVETSCRAR
fHbp_beta_barrel_WP_0022299201	WP_0037008091	0.139	86	12	48	8	10	72	264	346	1.588E+00	4.005E-01	21	360	GRLHY---SIDQ--GYGRIELASAELKAAVILGD-TRYEEKGTYHL------ALFE-----IAGSATVKIK----VHEIGIA--GK	TLAGKILGNSDYGPDVDI---QNATITGPTFSGDATSGGKSGKLEGKFFGKFASTRSSEVSIGGKITFDGDRSLDTVFGGVSYEKK	MKYKALPLLPLAAALAACAGGGVAEPHVPVSIPTATPLPAGEVTLSSDNGNIENINTAGAGSASDAPSRSRRSLDAAPQNTSGISIRQREVEKDYFGYKSKETSFIFKTPGGAQYALSSYADPITVSYSSPDFKIPDRHAGQRLADGSRIFICCSDSGATSYAEITKQDYMKFGAWIGPNGEIDLFAGGFPVGKTPPPAFSYGSSTPETALSKGKITYQVWGIRVRNGQFVTSSYTPPKSGSYYGTLANTPVLSFITANFNSNTLAGKILGNSDYGPDVDIQNATITGPTFSGDATSGGKSGKLEGKFFGKFASTRSSEVSIGGKITFDGDRSLDTVFGGVSYEKKLDDTSQDTNHLTKQ
fHbp_beta_barrel_WP_0022299201	WP_0145803211	0.144	76	11	42	6	3	60	555	625	1.010E+00	3.306E-01	20	703	EYHGKAFGRLHYSIDQGYGRIELAS------------AELKAAVILGD----TRYEEKGTYHLALFE--IAGSATV	VYRGSWYG-Y-IVSGTSWS---GNASNATSGNRAEFTVNFDAKKINGKLTAENRSEATFTIDAMIDGNGFKGTAKT	MNNPLVNQAAMVLPVFLLSACLGGGGSFDLDSVDTEAPRPAPKYQDVPSKKPEARKDQGGYGFAMRFKRRNWYGSTKEDRVKLNESDWEQTDNGGIKNPSKQKSIIDALTGNDGETLQDSSQEGQSISKVEGYHDFKYVWSGFFYKRIGRTIKKDDSSSKIIEVRNGPDGYIFYKGKNPSRQLPVLGQVTYKGTWNFLTDVKANQKFTDLGNTSTKPGDRYSAFPGELDYIVKKEDDKKEKHKGLGLTTEITVDFENKTLKGKLVKNNHVINDNSDDQNKYTTEYYTLDATLRGNRFSGKAMATDKSKNGETGDQTKKHPFVSDSFSLSGGFFGPQGKELGFRFLSDDGKVAVVGSAKTGDKAENGGGNGASGGASVSVSNGAAGTSSENGKLTTVLDAVELTPDGKEIKNLDNFSNATRLVVDGIMIPLLPTESGDGQADKGENGKTAFIYETTYTPESDEKNTQAQTGAGGMQTVSNAAGGTSGETKTYKVQACCSNLNYLKYGLLTRKTAGNTGGGGKGSQAAAQTAQGARSMFLQGERTDENKIPQGQDIVYRGSWYGYIVSGTSWSGNASNATSGNRAEFTVNFDAKKINGKLTAENRSEATFTIDAMIDGNGFKGTAKTGNGGFAPDQNSSTGTHKVHITSAAVQGGFYGPKAEELGGWFAYPGNGQTKNAQTSSGNGNSAGSATVVFGAKRQELVQ
fHbp_beta_barrel_WP_0022299201	WP_0037017761	0.127	102	13	54	10	3	72	324	422	4.920E+00	5.976E-01	18	426	EYHGKAF----GRLHYS-----IDQ-GYGRIELAS------------AELKAAVILGDTRYEEKGTYHLALF----E-IAGSATV---KIK--VHEIGIAGK	HFHMENGRPYPSGSRFAAKVDFGSKSVDGII--DSGDDLHMGTQKFKAAIDGNGFKGTWTENGGGDVSGRFYGPAGEEVAGKYSYRPTDAEKGGFGVF-AGK	MFKRSVIAMACIFPLSACGGGGGGSPDVKSADTPSKPAAPVVAENAGEGVLPKEKKDEEAAGGAPQADTQDATAGEGSQDMAAVSAENTGNGGAATTDNPKNEDAGAQNDMPQNAAESANQTGNNQPAGSSDSAPASNPAPANGGSDFGRTNVGNSVVIDGPSQNITLTHCKGDPCNGDNLLDEEAPPKSEFESLSDEEKIKKYKKDGEKFTGLVAIKVENNGLNKYTIIYQAQPTRSARSRRSLPAEIPLIPVNQADTLIVDGEAVSLTGHSGNIFAPEGNYRYLTYGAEKLPGGSYALRVQGEPAKGEMLVGTAVYNGEVLHFHMENGRPYPSGSRFAAKVDFGSKSVDGIIDSGDDLHMGTQKFKAAIDGNGFKGTWTENGGGDVSGRFYGPAGEEVAGKYSYRPTDAEKGGFGVFAGKKDRD
fHbp_beta_barrel_WP_0022299201	WP_1727617891	0.185	27	5	19	2	48	71	227	253	3.925E+00	1.969E-01	11	533	HLALFEIAGSATVK--IKV-HEIGIAG	HCEFFWNGGGCFVRNGDNLIHRVYFKL	MVIKHTNLNFAKLSIIAILMMYSFEANANAVKISETLSVDTGQGAKIHKFVPKNSKTYSSDLIKTVDLTHIPTGAKARINAKITASVSRAGVLSGVGKLVRQGAKFGTRAVPYVGTALLAHDVYQTFKEDIKARGCRYDPETDKFVKGYEYANCLWYEDERRINRTYGCYGVDSSIMRLMPDRSRFPEVQQLMESQMERIARPFWDKRKEEIPKDTALKWRLFPFSHCEFFWNGGGCFVRNGDNLIHRVYFKLGRNPKYKEEMDAKKPEEILSLKVDADPDKYIKATGYPGYSEKVEVAPGTKVNMGPVTDRNGNPVQVAATFGRDAQGNTTADVQVIPRPDLTPASAEAPHAQPPPEVSPAENPANNPDPDENPGTRPNPEPDPDLNPDANPDTDGQPGTSPDSPAVPDRPNGRHRKERKEGEDGGLSCDYFPEILACQEMGKPSDRMFHDISIPQVTDDKTWSSHNFLPSNGVCPQPKTFHVFGRQYRASYEPLCVFAEKIRFAVLLAFIIMSAFVVFGSLGGNKCHYLPA
fHbp_beta_barrel_WP_0022299201	WP_1727639451	0.192	26	5	18	2	48	70	223	248	4.920E+00	1.882E-01	10	529	HLALFEIAGSATVK--IKV-HEIGIA	HCEFFWNGGGCFVRNGDNLIHRVYFK	MNSFIKSTPIVLILILCSSNSYSEPVRLEKSQIKFQSSNNLKSIGFKLDSSSNTFSKFTEAANFEHIPTGAKARINAKITASVSRAGVLSGVGKLVRQGAKFGTRAVPYVGTALLAHDVYQTFKEDIKARGCRYDPETDKFVKGYEYANCLWYEDERRINRTYGCYGVDSSIMRLMPDRSRFPEVQQLMESQMERIARPFWDKRKEEIPKDTALKWRLFPFSHCEFFWNGGGCFVRNGDNLIHRVYFKLGRNPKYKEEMDAKKPEEILSLKVDADPDKYIKATGYPGYSEKVEVAPGTKVNMGPVTDRNGNPVQVAATFGRDAQGNTTADVQVIPRPDLTPASAEAPHAQPPPEVSPAENPANNPDPDENPGTRPNPEPDPDLNPDANPDTDGQPGTSPDSPAVPDRPNGRHRKERKEGEDGGLSCDYFPEILACQEMGKPSDRMFHDISIPQVTDDKTWSSHNFLPSNGVCPQPKTFHVFGRQYRASYEPLCVFAEKIRFAVLLAFIIMSAFVVFGSLGGNKCHYLPA
fHbp_beta_barrel_WP_0022299201	WP_0036877181	0.147	68	10	37	5	14	70	231	288	2.107E+00	1.660E-01	9	312	YSIDQ----GYGRIELASAEL-------KAAVILGDTRYEEKGTYHLALFEIAGSATVKIKVHEIGIA	YASVQTKNGQQNYK--NSNALVREGMWNIELQKTGYIR--EAGRS------MVVKANIQNQPVTIVLL	MSIRTLKRLPSSLLLGLCLSLPSAHLFADNDILGQFLEQNMLTSSDPIEIFAESTIYPADTQAITGGLILSSQSALVVNNKTGQILYQKNADRIMPIASISKLMSAMVVLDANLDMNETVTITPDEIDRLKGTGSRLAIGTALTRKELLHLSLMSSENRATHALGRTYPGGMGAFVAAMNRKAQSLGMYGSRFYEPTGLNFQNVSTAKDLSLMVNAAAQYPQIRTNSTSNYASVQTKNGQQNYKNSNALVREGMWNIELQKTGYIREAGRSMVVKANIQNQPVTIVLLNSPTSATRVNDARKIESWMLQQRS
fHbp_beta_barrel_WP_0022299201	WP_0036870651	0.123	73	9	48	6	2	60	57	127	6.903E+00	2.835E-01	8	140	AEYHGKAFG--RLHYSIDQ--------GY---GRIELASAELKAAVILGDTRYE-EKGTYHLALFEIAGSATV	GAFSTRASNGRVLKSIVKNGVFDRFVDIYHPNGKLHS-HTPVENGVAQGYTEQGILRTRILYRDGHIV-RAQT	MKHAPIILLLTASSAALLSAGCTALPSDRPPLRTLPKSAPIQPANPYSRPPSGTPDGAFSTRASNGRVLKSIVKNGVFDRFVDIYHPNGKLHSHTPVENGVAQGYTEQGILRTRILYRDGHIVRAQTLDASGKVEREWQP
fHbp_beta_barrel_WP_0022299201	WP_0036881111	0.072	83	6	45	8	11	72	45	116	5.828E+00	2.596E-01	8	146	RLHYSIDQGYGRIELASAELKAAVILGD----------TRYE---EK--GTYHLALFE----IAG-SATV-KIKVHEIGIAGK	HTYINKDS---------VRKNGNLMIFQDKKVVTNLKQERFANTPAYKTAIAEWEIHCNNKTYRLSSLQLFDTKNTE--ISTQ	MIKETLMRPIFLSFVLLPILITACSTPDKSARWENIGTISNGNIHTYINKDSVRKNGNLMIFQDKKVVTNLKQERFANTPAYKTAIAEWEIHCNNKTYRLSSLQLFDTKNTEISTQNYTASSLRPMSILSGTLTEKQYETVCGKKL
fHbp_beta_barrel_WP_0022299201	WP_0036900421	0.062	64	4	37	6	2	60	22	67	4.650E+00	1.929E-01	8	154	AEYHGKAFG---RLHYSIDQGYGRIELASAELKAAVILGDTRYEEKGTYHLALF--EIAGSATV	GTWHCIGTDENIHSDT----KVKYLQ--DG-----SFRG-------DAILKIDDDGNILAYRVV	MKRFILPVLLSATTALASPIVGTWHCIGTDENIHSDTKVKYLQDGSFRGDAILKIDDDGNILAYRVVGEGKWRFANNALTQSQIKYGEVSRQHSPETLAWLEKSEDGRLLESMMYTGLVAQMDKPGKDDVYQLDKSGKLVSEDGTSREACTKVE
fHbp_beta_barrel_WP_0022299201	WP_0103557851	0.080	87	7	46	7	1	60	31	110	8.648E+00	3.131E-01	7	123	KAEYH----GKAFGRLHYSIDQGYGRIE----LASAELKAA--VILGDTRYEE-----------KGTYHLALF------EIAGSATV	KTVSYVCQQGK---KVKV----TYGFNKQGLTTYASAVINGKRVQMPINLDKSDNMDTFYGKEGGYVLSTGAMDSKSYRKQPIMITA	MKLLTTAILSSAIALSSMAAAGTDNPTVAKKTVSYVCQQGKKVKVTYGFNKQGLTTYASAVINGKRVQMPINLDKSDNMDTFYGKEGGYVLSTGAMDSKSYRKQPIMITAPDNQIVFKDCSPR
fHbp_beta_barrel_WP_0022299201	WP_0036874231	0.093	96	9	51	6	5	72	412	499	5.508E+00	1.981E-01	7	499	HGKAFG------RLHY--SIDQGYGRIELAS-----AELKAAVIL----GDTRYEE-----------KGTYHLALFEIAGSATVKIKVHEIGIAGK	QSGTFSVESAGITLQTHTDSSGKHLVVVRVSDAAERAGLRRGDEILAVGQVPVNDEAGFRKAMDKAGKNVPLL--------VMRRGNTLFIALNLQ	MFKKYQYFALAALCAALLAGCEKAGSFFGADKKEASFVERIEHTKDDGSVSMLLPDFAQLVQSEGPAVVNIQAAPAPRTQNGSGNAETDSDPLADSDPFYEFFKRLVPNMPEIPQEEADDGGLNFGSGFIISKNGYILTNTHVVAGMGSIKVLLNDKREYTAKLIGSDVQSDVALLKIDATEELPVVKIGNPKNLKPGEWVAAIGAPFGFDNSVTAGIVSAKGRSLPNESYTPFIQTDVAINPGNSGGPLFNLKGQVVGINSQIYSRSGGFMGISFAIPIDVAMNVAEQLKNTGKVQRGQLGVIIQEVSYGLAQSFGLDKASGALIAKILPGSPAERAGLQAGDIVLSLDGGEIRSSGDLPVMVGAITPGKEVSLGVWRKGEEITIKAKLGNAAEHTGASSKTDEAPYTEQQSGTFSVESAGITLQTHTDSSGKHLVVVRVSDAAERAGLRRGDEILAVGQVPVNDEAGFRKAMDKAGKNVPLLVMRRGNTLFIALNLQ
fHbp_beta_barrel_WP_0022299201	WP_0036877351	0.088	45	4	23	4	34	68	38	74	6.167E+00	1.481E-01	6	104	VILGD-----TRYEEKGTYHLALFEIAG-----SATVKIKVHEIG	VLYFDAHGKPADSTAKGGFYR----TVEIHDTNRIL----IQDFN	MSRLFLLLFPWATLAACTRNIPASPAVSNCAHLHNRTVLYFDAHGKPADSTAKGGFYRTVEIHDTNRILIQDFNSTGNALVKPYWSDCRKLSVFPDKHLTMSHP
fHbp_beta_barrel_WP_0022299201	WP_0037066251	0.081	49	4	36	2	2	50	36	75	6.903E+00	1.866E-01	6	237	AEYHGKAFGRLHYSIDQGYGRIELASAELKAAVILGDTRYEEKGTYHLA	TRKHVDKDQIRAFGV------VAEDNAQLEKGSLVMMGG---KYWFAVN	MLFRKTTAAVLAATLILNGCTMMLRGMNNPVSQTITRKHVDKDQIRAFGVVAEDNAQLEKGSLVMMGGKYWFAVNPEDSAKLTGLLKAGLDKPFQIVEDTPSYARHQALPVKFEAPGSQNFSTGGLCLRYDTGRPDDIAKLKQLEFKAVKLDNRTIYTRCVSAKGKYYATPQKLNADYHFEQSVPADIYYTVTEKHTDKSKLFGNILYTPPLLILDAAAAVLVLPMALIAAANSSDK
fHbp_beta_barrel_WP_0022299201	WP_0036874651	0.131	61	8	31	6	10	61	168	215	3.505E+00	1.107E-01	6	288	GRLHY-SIDQ-------GYGRIELASAELKA-AVILGDTRYEEKGTYHLALFEIAGSATVK	GATTYKAIDPIVLSLTAAYRIN---GSKTLSDDVKYKA------GNYWM----LNPNISFA	MKNILLVFVSFVPLCVRTDLPLNIEDIMTDKGKWKLETSLTYLNSENSRSELAAPVYIQTGSASFIPVPTEIQENGSNTDMLAGTLGLRYGLTGNTDIYGSGSYLWHEERKLDGNGKTRNKRMSDISAGISHTFLKDGKNPALIAFLESTVYEKSRNKASSGKSWLIGATTYKAIDPIVLSLTAAYRINGSKTLSDDVKYKAGNYWMLNPNISFAANDRISLTGGIQWLGKQPDRIDGKKESARNTSTYAHFGAGFGFTKTAALNASARFNVSGQSSSELKLGVQHTF
fHbp_beta_barrel_WP_0022299201	WP_0036913601	0.047	106	5	49	9	5	72	95	186	9.148E+00	2.355E-01	5	186	HGKAFGRLHYSIDQGYGRIELASAELKAA---VILGDTRYEEK-GTYH-----LALFE--------IAGSATV-------KIK--------------VHEIGIAGK	YPDI--RFV-----------STKFNFNGKKLVSVDGNLTMRGKTAPVKLKAEKFNCYQSPMAETEVCGGDFSTTIDRTKWGVDYLVNAGMTKNVRIDIQIEA-AKQ	MKKIIFAALAAAAVGTASATYKVDEYHANVRFAIDHFNTSTNVGGFYGLTGSVEFDQAKRDGKIDITIPVANLQSGSQPFTGHLKSADIFDAAQYPDIRFVSTKFNFNGKKLVSVDGNLTMRGKTAPVKLKAEKFNCYQSPMAETEVCGGDFSTTIDRTKWGVDYLVNAGMTKNVRIDIQIEAAKQ
fHbp_beta_barrel_WP_0022299201	WP_0022150051	0.178	28	5	23	0	33	60	48	75	9.148E+00	1.921E-01	5	193	AVILGDTRYEEKGTYHLALFEIAGSATV	AAVEVDVSKIEAGQLLTAEWQGKPIWVL	MDNQEINNGRRRFLTLATCGAGGVAALGVATPFVASFFPSEKAKAAGAAVEVDVSKIEAGQLLTAEWQGKPIWVLNRTDQQLKDLKGLNGELTDPNSDAEQQPEYAKNETRSIKPNILVAIGICTHLGCSPTFRPDIAPADLGADWKGGFFCPCHGSKFDLAGRVYKGVPAPTNLVVPPYKYLSDTTILVGED
fHbp_beta_barrel_WP_0022299201	WP_0036902901	0.096	114	11	53	7	3	71	32	140	5.508E+00	1.644E-01	5	199	EYHGKA-------FGRLHYSIDQGYGRIELASAELKAA------------VILGDTR-------------YEEKGTYHLAL--FEIAGSATVKIKVHE-----------IGIAG	IAATRAEARITDGGRLSIS----SRFQTELPD-QLQQALRRGVPLNFTLSWQLSAPTIASYRFKLGQLIGDDDNIDYKLSFHPLTNRYRVTVGAFSTDYDTLDAALRATGAVAN	MAFITRLFKSIKQWLVLLPMLSVLPDAAAEGIAATRAEARITDGGRLSISSRFQTELPDQLQQALRRGVPLNFTLSWQLSAPTIASYRFKLGQLIGDDDNIDYKLSFHPLTNRYRVTVGAFSTDYDTLDAALRATGAVANWKVLNKGALSGAEAGETKAEIRLTLSTSKLPKPFQINALTSQNWHLDSGWKPLNIIGNK
fHbp_beta_barrel_WP_0022299201	WP_0036893771	0.097	113	11	50	6	11	71	262	374	8.175E+00	2.321E-01	5	382	RLHY-----SIDQ-----GYGRIELASAELKAA-----------VILGDTRYEEKGTYH--LALFE------IAGSATVKIK-----------------------VHEIGIAG	NRIYAMAGMEWGKLTVIPRVWVRAFDQSGDKNDNPDIADYMGYGDVKLQYRLNDRQNVYSVLRYNPKTGYGAIEAAYTFPIKGKLKGVVRGFHGYGESLIDYNHKQNGIGIGL	MPTMGAEMNTRNMRYILLTGLLPTASAFGETALQCAALTDNVTRLACYDRIFAAQLPSSAGQEGQESKAVLNLTETVRSSLDKGEAVIVVEKGGDALPADSAGETADIYTPLSLMYDLDKNDLRGLLGVREHNPMYLMPFWYNNSPNYAPSSPTRGTTVQEKFGQQKRAETKLQVSFKSKIAENLFKTRADLWFGYTQRSDWQIYNQGRKSAPFRNTDYKPEIFLTQPVKADLPFGGRLRMLGAGFVHQSNGQSRPESRSWNRIYAMAGMEWGKLTVIPRVWVRAFDQSGDKNDNPDIADYMGYGDVKLQYRLNDRQNVYSVLRYNPKTGYGAIEAAYTFPIKGKLKGVVRGFHGYGESLIDYNHKQNGIGIGLMFNDWDGI
fHbp_beta_barrel_WP_0022299201	WP_0036903161	0.125	16	2	13	1	57	71	300	315	9.676E+00	1.596E-01	5	419	SATVKIK-VHEIGIAG	VAITRFDNRIRVGGMA	MKVLVLGAGVAGVSSVWYLAEAGHEVTVIDRTEGVAMETSFANAGQLSYGYTTPWAAPGIPTKALKRLFKSHPPLLFRPDGGLYQIEWLWRMLQNCTATRYQINKERMVRISEYSREMFRRFEAQTDMNFEGRKKGTLQIFRQTEEVEAAKQDIAVLERYGVPYRRLKPEECAEFEPALARVTAKIVGGLHLPADATGDCRLFTENLYKLCQEKGVRFYFNQTISRIDHNGLRIKAVETETGRFETDAVVCALGCFSRTVLAQLDLNLPIYPVKGYSLTLPVTNSDGAPVSTVLDESYKVAITRFDNRIRVGGMAELSGYETKLPEKRRETLALVVNDLFPEGGDLSQALSWSGLRPMTPDSTPLIGRTRFENLFLNTGHGTLGWTMSPGSAKLTADIVSGKDTEIRSDDLSLSRYQKL
fHbp_beta_barrel_WP_0022299201	WP_0036913371	0.159	94	15	45	8	3	71	103	187	7.304E+00	1.981E-01	5	491	EYHGKAFGRLHYSIDQGYGRIELAS-------AELKAAVI---L------GDTRYE-------EKGTYHLALFEIAGSATVK--IKVHEIGIAG	EFGG--LG-MEIGQEDGFVKVVSPIEDTPAERAEVKSGDFIVKIDNVSTRGMTVSEAVKKMRGKPGTK------ITLTLSRKNADKPIVVNLTR	MSKPVFKKIALYTLGAISGVAVSLAVQGFAAEKDGRDNEVLPVQSIRTMAEVYGQIKANYYHDKPDADLFEGAMKGMVAGLDPHSEYMDKKGYAEIKESTSGEFGGLGMEIGQEDGFVKVVSPIEDTPAERAEVKSGDFIVKIDNVSTRGMTVSEAVKKMRGKPGTKITLTLSRKNADKPIVVNLTRAIIKVKSVRHHLIEPDYGYIRVSQFQERTVESVNTAAKELVKENKGKPLKGLVLDLRDDPGGLLTGAVGVSAAFLPSEAVVVSTKGRDGKDGMVLKAVPEDYVYGMGGDPLAGIPAELKTIPMAVLVNSGSASASEIVAGALQDHKRAVIVGTQSFGKGSVQTLIPLSNGSAVKLTTALYYTPNDRSIQAQGIVPDVEVKDKERTFESREADLVGHIGNPLGGEDVNSETLAVPLEKDADKPAAKEKGKKKKDEDLSSRRIPNPAKDDQLRKALDLVKSPEQWQKSLGLAAKKPVSNKDKKDKK
fHbp_beta_barrel_WP_0022299201	WP_0485968281	0.107	56	6	35	6	28	71	440	492	9.676E+00	1.830E-01	5	498	AELKA-AVILGDTRYEEKGTY-HL----ALFE---IAGSATV---KIKVHEIGIAG	ARQTSGGGWLS---RDGTRQYRPPTEKKSQFATTGIQANFETYTIDSNEKRNKIKN	MNLPIQKFMMLFAAAISLLQIPISHANGLDARLRDDMQAKHYEPGGKYHLFGNGRGSVKNRVCAVQTFDATAVGPILPITHERTGFEGIIGYETHFSGHGHEVHSPFDNHDSKSTSDFSGSVDGGFTVYQLHRTGSEIHPADGYDGPQGGGYPEPQGARDIYSYHIKGTSTKTKINTVPQAPFSDRWLKENAGAASGFLSRADEAGKLIWENDPDKNWRANRMDDIRGIVQGAVNPFLTGFQGLGVGAITDSAVNPVTYAAARKTLQGIHNLGNLSPEAQLAAASLLQDSAFAVKDGINSARQWADAHPNITATAQTALAVAEAAGTVWGGKKVELNPAKWDWVKNTGYKKPAARHMQTVDGEMAGGNRPPKSITSEGKANAATYPKLVNQLNEQNLNNIAAQDPRLSLAIHEGKKNFPIGTATYEEADRLGKIWVGEGARQTSGGGWLSRDGTRQYRPPTEKKSQFATTGIQANFETYTIDSNEKRNKIKNGHLNIR
fHbp_beta_barrel_WP_0022299201	WP_0036907581	0.102	39	4	24	4	38	69	82	116	8.648E+00	1.173E-01	4	159	DTRYE-EKGTYHLALFEIAGSAT--VKI----KVHEIGI	VTRAAVINEYLLI----LTVEAQVLKRGEPVGKPMTVSV	MNKIFLTAAALMLGACGFHLKGADGISPPLTYRSWHIEGGQALQFPLETALYQASGRVDDAAGAQMTLRIDSVSQNKETYTVTRAAVINEYLLILTVEAQVLKRGEPVGKPMTVSVRRILDYADNEILGKQEEEETLWAEMRQDVAEQIVRRLTFLKAE
fHbp_beta_barrel_WP_0022299201	WP_0036902691	0.142	28	4	19	2	36	63	80	102	7.304E+00	1.296E-01	4	338	LGDTRYEEKGTYHLALFEIAGSATVKIK	ASETQEGGR-TFCI----ADLNITVPSE	MYRKLIALPFALLLAACGREEPPKALECANPAVLQDIRGSIQETLTQEARSFAREDGRQFVDADKIIAAAYGLAFSLEHASETQEGGRTFCIADLNITVPSETLADAEANSPLLYGETSLADIVQQKTGGNVEFKDGVLTAAVRFLPAKDARTAFIDNTVGMATQTLSAALLPYGVKSIVMIDGKAVTKEDAVRVLSGKAREEEPSKPTPEDILEHNAAGGDAGVPQAAEGAPEPEILHPDDVERADTVTVSRGEVEEARVQNQRAESEITKLWGGLDTDVQKELVGEQRKWAQEKISNCRQAAAQADRQEYAEYLKLQCDTRMTRERIQYLRGYSID
fHbp_beta_barrel_WP_0022299201	WP_0036908891	0.136	88	12	50	7	2	72	298	376	7.727E+00	1.600E-01	4	389	AEY----HGKAFGRLHYSIDQ----GYGRIELASAELKAAVILGDTRYEEKGTYHLALFEIAGSATVK-----IKVHEI----GIAGK	AQIQISGGSK--KTVRAGFLKEAYITLPHKEAKMAE----QILETIQPIPAP---VKKGQILGKIKIRQNGHTIAEKEIVALENVEKR	MTAHKILPVLLPIILGVSHATAASPAPNRPTVHAAPTLQTPETLTAAHIVIDLQSRQTLSAKNTNTPVEPAALTQLMTAYLVFKNMKSGNIQSEENLKIPESAWASEGSRMFVRPGDTVSTDKLLKGMIALCANDAALTLADRLGNGSIENFVQQMNKEARRLGMKNTVFKNPTGLGREGQVSTAKDLALLSEALMRDFPEYYPLFSIKSFKFENIEQNNRNILLYRDNNVNGLKAGHTESGGYNLAVSYSGNGRHILVITLGSESAETRASDNSKLLNRALQAFDTPKIYPKGKTVAQIQISGGSKKTVRAGFLKEAYITLPHKEAKMAEQILETIQPIPAPVKKGQILGKIKIRQNGHTIAEKEIVALENVEKRSRWQRLWTRLTGQ
fHbp_beta_barrel_WP_0022299201	WP_0036904921	0.131	76	10	36	7	3	60	579	642	9.676E+00	1.378E-01	3	725	EYHGK------AFGRLHYSIDQGYGRIE-------LASAE-----LKAAVILGDTRYEEKGTYHLALFEIAGSATV	EVGGRITPEWQI--QAGYS--QSKPRDQDGSRLNPDSVPERSFKL----FTAYHFAPEAPSGRTI----GAGVRRQ	MTRFKYSLLFAALLPVYAQADVSVSDDPKPQESTELPTITVTADRTASSNDGYTVSGTHTPFGLPMTLREIPQSVSVITSQQMRDQNIKTLDRALLQATGTSRQIYGSDRAGYNYLFARGSRIANYQINGIPVADALADTGNANTAAYERVEVVRGVAGLPDGTGEPSATVNLVRKHPTRKPLFEVRAEAGNRKHFGLGADVSGSLNAEGTLRGRLVSTFGRGDSWRQLERSRDAELYGILEYDIAPQTRVHAGMDYQQAKETADAPLSYAVYDSQGYATAFGPKDNPATNWSNSRNRALNLFAGIEHRFNQDWKLKAEYDYTRSRFRQPYGVAGVLSIDHSTAATDLIPGYWHADPRTHSASMSLTGKYRLFGREHDLIAGINGYKYASNKYGERSIIPNAIPNAYEFSRTGAYPQPSSFAQTIPQYDTRRQIGGYLATRFRAADNLSLILGGRYSRYRAGSYNSRTQGMTYVSANRFTPYTGIVFDLTGNLSLYGSYSSLFVPQLQKDEHGSYLKPVTGNNLEADIKGEWLEGRLNASAAVYRARKNNLATAAGRDQSGNTYYRAANQAKTHGWEIEVGGRITPEWQIQAGYSQSKPRDQDGSRLNPDSVPERSFKLFTAYHFAPEAPSGRTIGAGVRRQGETHTDPAALRIPNPAAKARAADNSRQKAYAVADIMARYRFNPRTELSLNVDNLFNKHYRTQPDRHSHGALRTVNAAFTYRFK
fHbp_beta_barrel_WP_0022299201	WP_0036919041	0.100	70	7	45	6	3	61	383	445	9.676E+00	1.221E-01	3	801	EYHGKAFG---RLHYSIDQGYGRIELASAELKAA------VI--LGDTRYEEKGTYHLALFEIAGSATVK	DYGGRAAGGSLNAGLSV--QKYQTLANQSGYKDEPYAIMPRLSADWHKNAG-RAQIGV----SAQFTRFS	MARLFSLKPLVLALGFCFGTHCAADTVAAEEADGRVAEGGAQGASESAQASDLTLGSTCLFCSNESGSPERTEAAVQGSGEASVPEDYTRIVADRMEGQSQVKVRAEGSVIIERDGAVLNTDWADYDQSGDTVTVGDRFALQQDGTLIRGETLTYNLDQQTGEAHNVRMETEQGGRRLQSVSRTAEMLGEGRYKLTETQFNTCSAGDAGWYVKAASVEADRGKGIGVAKHAAFVFGGVPLFYTPWADFPLDGNRKSGLLVPSVSAGSDGVSLSVPYYFNLAPNFDATFAPGIIGERGATFDGQIRYLRPDYSGQTDLTWLPHDKKSGRNNRYQAKWQHRHDISDTLQAGVDFNQVSDSGYYRDFYGGEEIAGNVNLNRRVWLDYGGRAAGGSLNAGLSVQKYQTLANQSGYKDEPYAIMPRLSADWHKNAGRAQIGVSAQFTRFSQDGRQDGSRLVVYPGIKWDFSNSWGYVRPKLGLHATYYSLDSFGGKASRSVGRVLPVVNIDGGTTFERNTRLFGGGVVQTIEPRLFYNYIPAKSQNDLPNFDSSESSFGYGQLFRENLYYGNDRINAANSLSTAVQSRILDGATGEERFRAGIGQKFYFKDDAVMLDGSVGKNPRSRSDWVAFASGGIGGRFTLDSSIHYNQNDKRAEHYAVGAGYRPAPGKVLNARYKYGRNEKIYLQADGSYFYDKLSQLDLSAQWPLTRNLSAVVRYNYGFEAKKPIEMLAGAEYKSSCGCWGAGVYAQRYVTGENTYKNAVFFSLQLKDLSSVGRNPAGRMDVAVPGYIPAHSLSAGRNKRP
HpuA_beta_barrel_WP_1494493491	WP_0037008091	0.377	127	48	19	8	2	68	216	342	4.178E-04	7.391E-01	131	360	ITYQVWGIRVKQ--FVT---------------------SFI----TANKLAG--------------EIVKIENSSFSGNAT--SKTGNLEG----KFFGT-----SIGGKIT--------TVFGGVS	ITYQVWGIRVRNGQFVTSSYTPPKSGSYYGTLANTPVLSFITANFNSNTLAGKILGNSDYGPDVDIQNATITGPTFSGDATSGGKSGKLEGKFFGKFASTRSSEVSIGGKITFDGDRSLDTVFGGVS	MKYKALPLLPLAAALAACAGGGVAEPHVPVSIPTATPLPAGEVTLSSDNGNIENINTAGAGSASDAPSRSRRSLDAAPQNTSGISIRQREVEKDYFGYKSKETSFIFKTPGGAQYALSSYADPITVSYSSPDFKIPDRHAGQRLADGSRIFICCSDSGATSYAEITKQDYMKFGAWIGPNGEIDLFAGGFPVGKTPPPAFSYGSSTPETALSKGKITYQVWGIRVRNGQFVTSSYTPPKSGSYYGTLANTPVLSFITANFNSNTLAGKILGNSDYGPDVDIQNATITGPTFSGDATSGGKSGKLEGKFFGKFASTRSSEVSIGGKITFDGDRSLDTVFGGVSYEKKLDDTSQDTNHLTKQ
HpuA_beta_barrel_WP_1494493491	WP_0145803211	0.142	140	20	44	10	3	66	557	696	8.949E-01	5.681E-01	32	703	TYQVWG-IRVKQFV-----------TSFIT----ANKLAGEIV-------------KIENSSFSGNA------------TSK--------TGNLEGKFFG-T--SIGGKI-------T-----------------TVFGG	RGSWYGYIVSGTSWSGNASNATSGNRAEFTVNFDAKKINGKLTAENRSEATFTIDAMIDGNGFKGTAKTGNGGFAPDQNSSTGTHKVHITSAAVQGGFYGPKAEELGGWFAYPGNGQTKNAQTSSGNGNSAGSATVVFGA	MNNPLVNQAAMVLPVFLLSACLGGGGSFDLDSVDTEAPRPAPKYQDVPSKKPEARKDQGGYGFAMRFKRRNWYGSTKEDRVKLNESDWEQTDNGGIKNPSKQKSIIDALTGNDGETLQDSSQEGQSISKVEGYHDFKYVWSGFFYKRIGRTIKKDDSSSKIIEVRNGPDGYIFYKGKNPSRQLPVLGQVTYKGTWNFLTDVKANQKFTDLGNTSTKPGDRYSAFPGELDYIVKKEDDKKEKHKGLGLTTEITVDFENKTLKGKLVKNNHVINDNSDDQNKYTTEYYTLDATLRGNRFSGKAMATDKSKNGETGDQTKKHPFVSDSFSLSGGFFGPQGKELGFRFLSDDGKVAVVGSAKTGDKAENGGGNGASGGASVSVSNGAAGTSSENGKLTTVLDAVELTPDGKEIKNLDNFSNATRLVVDGIMIPLLPTESGDGQADKGENGKTAFIYETTYTPESDEKNTQAQTGAGGMQTVSNAAGGTSGETKTYKVQACCSNLNYLKYGLLTRKTAGNTGGGGKGSQAAAQTAQGARSMFLQGERTDENKIPQGQDIVYRGSWYGYIVSGTSWSGNASNATSGNRAEFTVNFDAKKINGKLTAENRSEATFTIDAMIDGNGFKGTAKTGNGGFAPDQNSSTGTHKVHITSAAVQGGFYGPKAEELGGWFAYPGNGQTKNAQTSSGNGNSAGSATVVFGAKRQELVQ
HpuA_beta_barrel_WP_1494493491	WP_0037017761	0.174	103	18	46	9	3	66	319	421	1.938E+00	5.352E-01	23	426	TYQVWGIRVKQ----FVTSFIT-----ANK-LAG-----EIV---------KIENSSFSGNATSK-TGNLEGKFFGT---SIGGKI----T-------TVFGG	NGEVLHFHMENGRPYPSGSRFAAKVDFGSKSVDGIIDSGDDLHMGTQKFKAAIDGNGFKGTWTENGGGDVSGRFYGPAGEEVAGKYSYRPTDAEKGGFGVFAG	MFKRSVIAMACIFPLSACGGGGGGSPDVKSADTPSKPAAPVVAENAGEGVLPKEKKDEEAAGGAPQADTQDATAGEGSQDMAAVSAENTGNGGAATTDNPKNEDAGAQNDMPQNAAESANQTGNNQPAGSSDSAPASNPAPANGGSDFGRTNVGNSVVIDGPSQNITLTHCKGDPCNGDNLLDEEAPPKSEFESLSDEEKIKKYKKDGEKFTGLVAIKVENNGLNKYTIIYQAQPTRSARSRRSLPAEIPLIPVNQADTLIVDGEAVSLTGHSGNIFAPEGNYRYLTYGAEKLPGGSYALRVQGEPAKGEMLVGTAVYNGEVLHFHMENGRPYPSGSRFAAKVDFGSKSVDGIIDSGDDLHMGTQKFKAAIDGNGFKGTWTENGGGDVSGRFYGPAGEEVAGKYSYRPTDAEKGGFGVFAGKKDRD
HpuA_beta_barrel_WP_1494493491	WP_0036873511	0.078	76	6	47	4	4	64	95	162	1.135E+00	2.569E-01	17	181	YQVWGIRVKQFVTSFITANKLAG-----------EIVKIENSSFSGNATSK---TGNLEGKFFGT-SIGGKITTVF	MRYVGILK--------SGQKVSGFIEAEGYVYTVGVGNYLGQNYGRIESITDDSIILNELIEDSTGNWVSRKAELL	MKHYALLISFLALSACSQSSEDLNEWMAQTRREAKAEIIPFQAPTLPVAPVYSPPQLTGPNAFDFRRMETAKKGENAPDTKRIKETLEKFSLENMRYVGILKSGQKVSGFIEAEGYVYTVGVGNYLGQNYGRIESITDDSIILNELIEDSTGNWVSRKAELLLNSSDKNTEQAAAPAAEQN
HpuA_beta_barrel_WP_1494493491	WP_0103557851	0.073	82	6	50	7	4	60	30	110	1.826E+00	3.191E-01	16	123	YQVWGI--RVKQFVTSFI--TANK----LAGEI------VKIE-----NSSFSGNATSKTGNLEGKFFGT------SIGGKI	KKTVSYVCQQGKKVKVTYGFNKQGLTTYASAVINGKRVQMPINLDKSDNMD-TFYGKEGGYVLSTGAMDSKSYRKQPIMITA	MKLLTTAILSSAIALSSMAAAGTDNPTVAKKTVSYVCQQGKKVKVTYGFNKQGLTTYASAVINGKRVQMPINLDKSDNMDTFYGKEGGYVLSTGAMDSKSYRKQPIMITAPDNQIVFKDCSPR
HpuA_beta_barrel_WP_1494493491	WP_0036881681	0.057	87	5	56	7	4	68	44	126	1.826E+00	3.495E-01	16	126	YQVWGIRVKQFVTSFI--TANK-LAGEIVKIENSSFSGNATSKTGNLEGK----F--------FGTSIGGKIT-------TVFGGVS	FRAFSC--ENGLSVRVRNLDGGKIALRLDGRR--AVLSSDVAASGERYTAEHGLFGNGTEWHQKGGEAFFGFTDAYGNSVETSCRAR	MNIRFFALTVSVLSLAACAVPEAYDGGGRGYMPPVQNQAGPDDFRAFSCENGLSVRVRNLDGGKIALRLDGRRAVLSSDVAASGERYTAEHGLFGNGTEWHQKGGEAFFGFTDAYGNSVETSCRAR
HpuA_beta_barrel_WP_1494493491	WP_0125034691	0.206	29	6	20	1	1	26	122	150	2.939E+00	2.326E-01	13	218	KITYQVWGIRVKQFVTSFI---TANKLAG	KIPVIVYLKYRKDDHFSVLRGVDGNTVLL	MEQKRRFAASLLLAAALPLCAHSFPFAEENPIAYGKVKIQSWKARRDFNIVKQDLDFSCGAASVATLLNNFYGQKLTEEEVLEKLGKEQMRASFEDMRRIMPDLGFEAKGYALSFEQLAQLKIPVIVYLKYRKDDHFSVLRGVDGNTVLLADPSPGHVSMSRAQFLEAWQTREGNLAGKILAVVPKKAEAISNKLFFTHHPKRQTEFAVGQIRQGRAE
HpuA_beta_barrel_WP_1494493491	WP_0036900421	0.092	76	7	41	7	3	62	23	86	1.205E+00	2.033E-01	11	154	TYQVWGIRV-----------KQ--FVTSFITANKLAGEIVKIENSSFSGNATSKTGNL--EGKFFGTSIGG-KITT	TWHCIGTDENIHSDTKVKYLQDGSFRGDAI----LK----IDDDGNILAY----RVVGEGKWRFANNALTQSQIKY	MKRFILPVLLSATTALASPIVGTWHCIGTDENIHSDTKVKYLQDGSFRGDAILKIDDDGNILAYRVVGEGKWRFANNALTQSQIKYGEVSRQHSPETLAWLEKSEDGRLLESMMYTGLVAQMDKPGKDDVYQLDKSGKLVSEDGTSREACTKVE
HpuA_beta_barrel_WP_1494493491	WP_0036875181	0.096	62	6	43	6	3	60	41	93	2.459E+00	2.166E-01	10	207	TYQVWGI---RVKQFVTSFITANKLAGEIVKIENSSFSGNATSK-TGNLEGKFFGTSIGGKI	ISGSFTQTVQSKKKTQTAHG----TFK--ILRPG-LFKWEYTLPYKQTIVG--DGQTVWLYD	MMKPHNLFQFLAVCSLTVAVASAQAGAVDALKQFNNDADGISGSFTQTVQSKKKTQTAHGTFKILRPGLFKWEYTLPYKQTIVGDGQTVWLYDVDLAQVTKSSQDQAIGGSPAAILSNKTALESSYTLKEDGSSNGIDYVRATPKRNNAGYQYIRIGFKGGNLAAMQLKDSFGNQTSISFGGLNTNPQLSRGAFKFTPPKGVDVLSN
HpuA_beta_barrel_WP_1494493491	WP_0036907471	0.110	100	11	48	7	4	68	39	132	5.324E+00	2.571E-01	8	151	YQVWGIRVKQFVTSFITANKLAGEIVKIENS--------------------SFSGNATSK--TGNLEGKFFGT-----SIG--------GKITTVFGGVS	NAVFHYGYSQNPDHDL----LVDQVR-VPDAYRASFARDWIAKEQGYRKNDCVLEKAESGGVTYYTCDAEKGFNGTRFVIYVVNMKNDKGYV-KVYRGMN	MKYTAALLTFLLTACMNPNDAFFQNRRYQMPEAQLNGSNAVFHYGYSQNPDHDLLVDQVRVPDAYRASFARDWIAKEQGYRKNDCVLEKAESGGVTYYTCDAEKGFNGTRFVIYVVNMKNDKGYVKVYRGMNKPNQEELTKLVADLNKFYP
HpuA_beta_barrel_WP_1494493491	WP_0036886591	0.179	39	7	28	3	27	63	53	89	5.649E+00	2.134E-01	7	92	EIVKIENSSFSGNAT-SKTGNLEGKF-FGTSIGGKITTV	EPVSLNGGSGSITVSGSSAAQCVFTVGSGGTL--QIQGL	MNIRKISALCAVAVFTVSTAYAKEIKIDANNTPYSEADAQKLAATAVGMGVKEPVSLNGGSGSITVSGSSAAQCVFTVGSGGTLQIQGLNCK
HpuA_beta_barrel_WP_1494493491	WP_0037056841	0.250	12	3	9	0	47	58	93	104	9.627E+00	1.655E-01	7	225	LEGKFFGTSIGG	IEIQRQGNQIRL	MTFFKPFTVVLTASALALSGCVADPVTGQQSPNKSAMYGLGGAAVCGIVGALTHSGKGARNSALACGAIGAGVGGYMDYQEQRLRQNLAGTQIEIQRQGNQIRLVMPESVTFATGSAALGGSAQYALNTAAQTLVQYPDTTLTINGHTDNTGSDAVNNPLSQHRAQAVAYYLQTRGVAASRLTVYGYGSHMPVASNATVEGRAQNRRVEILINPDQRAVNAARHM
HpuA_beta_barrel_WP_1494493491	WP_0036902691	0.038	26	1	17	2	37	60	80	99	7.600E+00	1.610E-01	7	338	SGNATSK--TGNLEGKFFGTSIGGKI	ASETQEGGRTFCIA------DLNITV	MYRKLIALPFALLLAACGREEPPKALECANPAVLQDIRGSIQETLTQEARSFAREDGRQFVDADKIIAAAYGLAFSLEHASETQEGGRTFCIADLNITVPSETLADAEANSPLLYGETSLADIVQQKTGGNVEFKDGVLTAAVRFLPAKDARTAFIDNTVGMATQTLSAALLPYGVKSIVMIDGKAVTKEDAVRVLSGKAREEEPSKPTPEDILEHNAAGGDAGVPQAAEGAPEPEILHPDDVERADTVTVSRGEVEEARVQNQRAESEITKLWGGLDTDVQKELVGEQRKWAQEKISNCRQAAAQADRQEYAEYLKLQCDTRMTRERIQYLRGYSID
HpuA_beta_barrel_WP_1494493491	WP_0036878551	0.105	19	2	16	1	1	18	54	72	8.063E+00	1.481E-01	6	107	KITYQVWGI-RVKQFVTSF	NSTMYVCSVTPFQKTFEAS	MKKCILGILTACAAMPAFADRISDLEARLAQLEHRVAVLESGGNTVKIDLFGSNSTMYVCSVTPFQKTFEASDRNEGVARQKVRQACNRETSAMFCGDEAIRCRKFD
HpuA_beta_barrel_WP_1494493491	WP_0036995311	0.080	25	2	17	1	46	64	80	104	9.075E+00	2.009E-01	6	129	NLEGKFFGTSIGG------KITTVF	ALWTLERDGGIYYLSLTRDSCSVKA	MMLLLSAFVLAACNAQNRQSGVRHQDFARVAVDLFRSACVLTQGSFEPVSKFAAVGHFVPVGKEDLSRLPPAVAEPDVQALWTLERDGGIYYLSLTRDSCSVKAERADSAALLEHFSGLVRQPPKNANI
HpuA_beta_barrel_WP_1494493491	WP_0036913601	0.176	68	12	27	5	3	60	20	68	3.119E+00	1.240E-01	6	186	TYQ--------VWGIRVKQFVTSFITANKLAGEIVKIENSSFSGNATSKTGNLEGKFFGT--SIGGKI	TYKVDEYHANVRFAIDHFNTSTN------VGG---------FYGL----TGSVEFDQAKRDGKIDITI	MKKIIFAALAAAAVGTASATYKVDEYHANVRFAIDHFNTSTNVGGFYGLTGSVEFDQAKRDGKIDITIPVANLQSGSQPFTGHLKSADIFDAAQYPDIRFVSTKFNFNGKKLVSVDGNLTMRGKTAPVKLKAEKFNCYQSPMAETEVCGGDFSTTIDRTKWGVDYLVNAGMTKNVRIDIQIEAAKQ
HpuA_beta_barrel_WP_1494493491	WP_1062749561	0.173	46	8	24	2	4	49	415	446	6.361E+00	1.571E-01	6	468	YQVWGIRVKQFVTSFITANKLAGEIVKIENSSFSGNATSKTGNLEG	GTVIQIVGGDNIVRHK----LY----------IPGSYKGKDGNFEY	MNLPIQKFMMLFAAAISLLQIPISHANGLDARLRDDMQAKHYEPGGKYHLFGNGRGSVKNRVCAVQTFDATAVGPILPITHERTGFEGIIGYETHFSGHGHEVHSPFDNHDSKSTSDFSGSVDGGFTVYQLHRTGSEIHPADGYDGPQGGGYPEPQGARDIYSYHIKGTSTKTKINTVPQAPFSDRWLKENAGAASGFLSRADEAGKLIWENDPDKNWRANRMDDIRGIVQGAVNPFLTGFQGLGVGAITDSAVNPVTYAAARKTLQGIHNLGNLSPEAQLAAASLLQDSAFAVKDGINSARQWADAHPNITATAQTALAVAEAATTVWGGKKVELNPTKWDWVKNTGYKKPAARHMQTVDGEMAGGNRPLESKNTVTTNNFFENTGYTEKVLRQASNGDYHGFPQSVDAFSENGTVIQIVGGDNIVRHKLYIPGSYKGKDGNFEYIREADGKINHRLFVPNQQLPEK
HpuA_beta_barrel_WP_1494493491	WP_0036913401	0.061	65	4	44	6	10	62	74	133	9.627E+00	2.682E-01	5	186	RVKQFVTSFI-TANKLAGEI--VKIENSSFSGNA------TSK-TGNLEGKFFG--TSIGGKITT	DASDASVSCVQTASSISFDETAV-----RKPKEVFKRGTGFAFKSRQIVRYYDPKRKAFAYLVYS	MNRLLLLSAAVLPTACGSGETDKIGRASTVFNMLGKNDRIEVEGFDDPDVQGVACYISYAKKGGLKEMVNLEEDASDASVSCVQTASSISFDETAVRKPKEVFKRGTGFAFKSRQIVRYYDPKRKAFAYLVYSDKIVQGSPKNSLSAVSCFGSGIPQTDGVQADTSGKLLAGACIISNPIKNPDKR
HpuA_beta_barrel_WP_1494493491	WP_0036872011	0.129	31	4	18	2	5	26	66	96	7.162E+00	1.003E-01	4	147	QVWGIR--------VKQFVTSFIT-ANKLAG	GTFGLTLNSTDKPGYGGEVIGFKQEGDFLFA	MPPRLLSGILCCLLTTAPVFAQGQPDAVSAYIQKKKVIVDTSKAELCFADDRQCHPVLIGTATPKGTFGLTLNSTDKPGYGGEVIGFKQEGDFLFALHRVWNQIPSERRNERIASPSVSDRIMTNGCINVSDAVYEKLRHYFVLEVI
HpuA_beta_barrel_WP_1494493491	WP_0036895441	0.114	61	7	27	4	17	58	112	164	7.600E+00	1.423E-01	4	193	SFITANKLAGEIVKIENSSFSGNATSKTGNLE-------------GKF------FGTSIGG	QVLFKNNVVL--TKTADGRRQ------AGKVETEKLHVDTESQYAQTDTPVSFQYGASHGQ	MKVRWRYGIAFPLILAVALGSLSAWLGRISEVEIEEVRLNPDEPQYTMDGLDGRRFDEQGYLKEHLSAKGAKQFPENSDIHFDSPHLVFFQEGRLLYEVGSDEAVYHTENKQVLFKNNVVLTKTADGRRQAGKVETEKLHVDTESQYAQTDTPVSFQYGASHGQAGGMTYNHKTGMLNFSSKVKAAIYDTKDM
HpuA_beta_barrel_WP_1494493491	WP_0036877181	0.125	64	8	34	5	17	67	233	287	9.627E+00	1.870E-01	4	312	SFITANKLAGEIVKIENSS------FSGNATSKTGNLEGKFFGT---SIGGKIT----TVFGGV	SVQTKNGQQN----YKNSNALVREGMWNIEL-----QKTGYIREAGRSMVVKANIQNQPVTIVL	MSIRTLKRLPSSLLLGLCLSLPSAHLFADNDILGQFLEQNMLTSSDPIEIFAESTIYPADTQAITGGLILSSQSALVVNNKTGQILYQKNADRIMPIASISKLMSAMVVLDANLDMNETVTITPDEIDRLKGTGSRLAIGTALTRKELLHLSLMSSENRATHALGRTYPGGMGAFVAAMNRKAQSLGMYGSRFYEPTGLNFQNVSTAKDLSLMVNAAAQYPQIRTNSTSNYASVQTKNGQQNYKNSNALVREGMWNIELQKTGYIREAGRSMVVKANIQNQPVTIVLLNSPTSATRVNDARKIESWMLQQRS
HpuA_beta_barrel_WP_1494493491	WP_1727639471	0.117	68	8	35	6	3	62	33	83	6.750E+00	1.291E-01	4	348	TYQVWGIRVKQ---FVTSFITANKLAGEIVKIENSSFSGNATSKTGNLEGKFFGT---SIG--GKITT	TYRSVEHREGKVVGVETGS----EISD---------FGSK----IGFKGQEDLGNGLKAIWQLEQGAS	MKKSLIALTLAALPVAATADVTLYGAIKAGVQTYRSVEHREGKVVGVETGSEISDFGSKIGFKGQEDLGNGLKAIWQLEQGASVAGTNSGWGNKQSFIGLKGGFGTIRAGSLNSPLKNTKNNVNAWESGKFTGNVLEISGMAKREHRYLSARYDSPEFAGFSGSVQYAPKDNSGSNGESYHVGLNYRNNGFFAQYAGLFQRYGEGTKKIEGYQYNIPSLFVEKLQVHRLVGGYDNNALYVSVAAQQQDAKLYQNQLVRDNSHNSQTEVAATAAYRFGNVTPRVSYAHGFKGTVDSADHDNTYDQVVVGAEYDFSKRTSALVSAGWLQEGKGANKIVSTASAVVLRHKF
HpuA_beta_barrel_WP_1494493491	WP_0036909871	0.133	45	6	25	3	17	59	67	99	9.627E+00	1.174E-01	3	181	SFITANKLAGEIVKIENSSFSGNATSKTGNLEGKFFGT--SIGGK	KKQ----ISYPIKGLPEQN--------AVRLTGKHPNDLEAVVGK	MLKIPFAVLGGCLLLAACGKSENTAEQPQNAAQSAPKPVFKVKYIDNTAIAGLALGQSSEGKTNDGKKQISYPIKGLPEQNAVRLTGKHPNDLEAVVGKCMETDGKDAPSGWAENGVCHTLFAKLVGNIAEDGGKLTDYLISHSALQPYQAGKSGYAAVQNGRYVLEIDSEGAFYFRRRHY
HpuA_beta_barrel_WP_1494493491	WP_1727639491	0.131	114	15	38	8	3	58	41	151	7.600E+00	1.304E-01	3	269	TYQVWGI----------------RVKQ-----FVTSFI---TANKLAGEI------------VKIENSSFSGNA--------TSK---------TGNLEGKFFGT-----SIGG	AYAAERITHDYPEPTAQKKGKISTVSDYFRNIRTHSVHPRVS---VGYDFGGWRIAADYARYRKWNDNKYSVNIKELGRNDKTSSGSRGHLNIQTRKTEHQENGTFHAVSSLGL	MQPAKNLLFSSLLFSSLLFPSAAQAASEDGGRGPYVQADLAYAAERITHDYPEPTAQKKGKISTVSDYFRNIRTHSVHPRVSVGYDFGGWRIAADYARYRKWNDNKYSVNIKELGRNDKTSSGSRGHLNIQTRKTEHQENGTFHAVSSLGLSAVYDFKLNDKFKPYIGARVAYGHVRHQVRSVEQETIAVTTYPQNAASSVTTNAPIRKLPHHESRSISSLGFGAVAGVGIDITPKLTLDAGYRYHNWGRLENTRFKTHEASLGVRYRF
HpuA_beta_barrel_WP_1494493491	WP_0036893031	0.087	137	12	45	7	1	68	234	359	9.075E+00	1.517E-01	3	392	KITYQVWGIRVKQ----FVTSFI--------------------TANKLA------------------------GEIVKIENSSFSGNATSKTGNLE----GKFFGTSIG-------GKITT----------VFGGVS	VKAGQDISFTILSEPDTPIKAKLDSVDPGLTTMSSGGYNSSTDTASNAVYYYARSFVPNPDGKLATGMTTQNTVEIDGVKN-----------VLLIPSLTVKNRGGKAFVRVLGADGKAAEREIRTGMRDSMNTEVK	MAKMMKWSAVAAVAAAAVWGGWHYLKPEPQASYITETVRRGGISRTVSATGEISPSNLVSVGAQASGQIKKLYVKLGQQVKKGDLIAEINSTTQTNTLDMEKSKLETYQAKLVSAQIALGSAEKKYKRQAALWKDDATSKEDLESAQDALAAAKANVAELKALIRQSKISINTAESDLGYTRITATMDGTVVAIPVEEGQTVNAAQSTPTIVQLANLDMMLNKMQIAEGDITKVKAGQDISFTILSEPDTPIKAKLDSVDPGLTTMSSGGYNSSTDTASNAVYYYARSFVPNPDGKLATGMTTQNTVEIDGVKNVLLIPSLTVKNRGGKAFVRVLGADGKAAEREIRTGMRDSMNTEVKSGLKEGDKVVISEITAAEQQESGERALGGPPRR
